Query Case No.,Similar Case No.,Similarity Score
C.A._1022_2012,C.A._1125_2014,0.9979
C.A._1022_2012,C.A._1194_2014,0.9979
C.A._1022_2012,C.A._308_2014,0.9991
C.A._1022_2012,C.A._2133_2006,0.9987
C.A._1022_2012,C.A._340_2002,0.9989
C.A._1022_2012,C.A._697_2008,0.9993
C.A._1022_2012,C.A.194-P_2010,0.9988
C.A._1022_2012,C.A._424_2015,0.9989
C.A._1022_2012,C.P._689-L_2015,0.9985
C.A._1022_2012,ca.1038_2000,0.9989
C.A._1022_2012,C.A._870_2014,0.999
C.A._1022_2012,C.P._130_2015,0.9987
C.A._1022_2012,cpla_784_2014,0.9963
C.A._1022_2012,C.A._861_2007,0.999
C.A._1022_2012,cma_193-194_2013,0.9985
C.A._1022_2012,cps_853-876_2014,0.9907
C.A._1022_2012,C.A._503_2006,0.9987
C.A._1022_2012,Crl.O.P.92of2013,0.9949
C.A._1022_2012,Crl.A._12-P_2011,0.9988
C.A._1022_2012,Crl.P._15_2015,0.9986
C.A._1022_2012,Crl.P._604_2015,0.9986
C.A._1022_2012,judgement_,0.9983
C.A._1022_2012,Crl.A._24_2010,0.9985
C.A._1022_2012,Crl.O.P.92of2013-dt-9-10-2013,0.9985
C.A._1022_2012,judgement_C.A.10-2021,0.9989
C.A._1022_2012,judgement_C.A.1000-2006,0.9989
C.A._1022_2012,judgement_C.A.10-K-2019,0.9987
C.A._1022_2012,judgement_C.A.10-Q-2021,0.9989
C.A._1022_2012,judgement_C.A.1000-2020,0.9989
C.A._1022_2012,judgement_C.A.101-2011,0.9988
C.A._1022_2012,judgement_C.A.101-K-2022,0.9991
C.A._1022_2012,const.p.6_2011_final,0.9988
C.A._1022_2012,judgement_C.A.1009-2010,0.999
C.A._1022_2012,judgement_C.A.1011-2024,0.999
C.A._1022_2012,judgement_C.A.1022-2012,1.0
C.A._1022_2012,judgement_C.A.1002-2014,0.9994
C.A._1022_2012,judgement_C.A.1018-2016,0.999
C.A._1022_2012,judgement_C.A.1038-2000,0.9989
C.A._1022_2012,judgement_C.A.1010-2020,0.9989
C.A._1022_2012,judgement_C.A.1046-2024,0.9994
C.A._1022_2012,judgement_C.A.1033-2014,0.9993
C.A._1022_2012,judgement_C.A.1042-2018,0.999
C.A._1022_2012,judgement_C.A.1076-2019,0.9993
C.A._1022_2012,judgement_C.A.1109-2013,0.9975
C.A._1022_2012,judgement_C.A.1079-2015,0.9991
C.A._1022_2012,judgement_C.A.110-L-2013,0.9989
C.A._1022_2012,judgement_C.A.108-2015,0.9989
C.A._1022_2012,judgement_C.A.1125-2014,0.9979
C.A._1022_2012,judgement_C.A.1122-2013,0.9987
C.A._1022_2012,judgement_C.A.1125-2007,0.9989
C.A._1022_2012,judgement_C.A.1132-2007,0.9988
C.A._1022_2012,judgement_C.A.1086-2009,0.9988
C.A._1022_2012,judgement_C.A.1149-2015,0.9987
C.A._1022_2012,judgement_C.A.1137-2008,0.9989
C.A._1022_2012,judgement_C.A.1167-2020,0.9988
C.A._1022_2012,judgement_C.A.1169-2014,0.9988
C.A._1022_2012,judgement_C.A.1194-2014,0.9979
C.A._1022_2012,judgement_C.A.1184-2011,0.9985
C.A._1022_2012,judgement_C.A.1171-2013,0.9986
C.A._1022_2012,judgement_C.A.1208-2011,0.9987
C.A._1022_2012,judgement_C.A.1207-2004,0.9989
C.A._1022_2012,judgement_C.A.1191-2016,0.9989
C.A._1022_2012,judgement_C.A.1213-2015,0.9997
C.A._1022_2012,judgement_C.A.1219-2014,0.9993
C.A._1022_2012,judgement_C.A.1241-2013,0.9988
C.A._1022_2012,judgement_C.A.1255-2012,0.9988
C.A._1022_2012,judgement_C.A.1286-2018,0.9989
C.A._1022_2012,judgement_C.A.1291-2005,0.999
C.A._1022_2012,judgement_C.A.1340-2018,0.9985
C.A._1022_2012,judgement_C.A.1242-2013,0.999
C.A._1022_2012,judgement_C.A.125-K-2016,0.9988
C.A._1022_2012,judgement_C.A.134-P-2013,0.9987
C.A._1022_2012,judgement_C.A.1388-2017,0.9989
C.A._1022_2012,judgement_C.A.1359-2014,0.999
C.A._1022_2012,judgement_C.A.1355-2006,0.9988
C.A._1022_2012,judgement_C.A.1428-2015,0.999
C.A._1022_2012,judgement_C.A.1113-2017,0.9989
C.A._1022_2012,judgement_C.A.139-2013,0.9982
C.A._1022_2012,judgement_C.A.14-L-2013,0.9988
C.A._1022_2012,judgement_C.A.1460-2013,0.999
C.A._1022_2012,judgement_C.A.140-L-2015,0.9987
C.A._1022_2012,judgement_C.A.1496-2019,0.9987
C.A._1022_2012,judgement_C.A.1519-2013,0.9987
C.A._1022_2012,judgement_C.A.1491-2013,0.9994
C.A._1022_2012,judgement_C.A.1525-2016,0.9989
C.A._1022_2012,judgement_C.A.149-2010,0.9989
C.A._1022_2012,judgement_C.A.150-2006,0.9989
C.A._1022_2012,judgement_C.A.1540-2006,0.9989
C.A._1022_2012,judgement_C.A.1546-2019,0.9989
C.A._1022_2012,judgement_C.A.1562-2020,0.999
C.A._1022_2012,judgement_C.A.1595-2019,0.9984
C.A._1022_2012,judgement_C.A.1560-2008,0.9987
C.A._1022_2012,judgement_C.A.157-K-2016,0.9991
C.A._1022_2012,judgement_C.A.1612-2018,0.9987
C.A._1022_2012,judgement_C.A.16-2010,0.9988
C.A._1022_2012,judgement_C.A.1600-2006,0.9989
C.A._1022_2012,judgement_C.A.1628-2014,0.9991
C.A._1022_2012,judgement_C.A.1618-2019,0.9989
C.A._1022_2012,judgement_C.A.1547-2019,0.9989
C.A._1022_2012,judgement_C.A.167-Q-2005,0.9987
C.A._1022_2012,judgement_C.A.1671-2021,0.999
C.A._1022_2012,judgement_C.A.1646-2000,0.9989
C.A._1022_2012,judgement_C.A.1793-2016,0.9987
C.A._1022_2012,judgement_C.A.1767-2019,0.9989
C.A._1022_2012,judgement_C.A.180-2015,0.9989
C.A._1022_2012,judgement_C.A.1797-2005,0.9991
C.A._1022_2012,judgement_C.A.185-2015,0.9991
C.A._1022_2012,judgement_C.A.185-L-2015,0.9991
C.A._1022_2012,judgement_C.A.1476-2018,0.9988
C.A._1022_2012,judgement_C.A.176-2015,0.9987
C.A._1022_2012,judgement_C.A.194-P-2010,0.9988
C.A._1022_2012,judgement_C.A.1772-2008,0.9989
C.A._1022_2012,judgement_C.A.1890-2002,0.9987
C.A._1022_2012,judgement_C.A.196-P-2014,0.9985
C.A._1022_2012,judgement_C.A.2013-2022,0.9988
C.A._1022_2012,judgement_C.A.194-2015,0.9989
C.A._1022_2012,judgement_C.A.2084-2016,0.9993
C.A._1022_2012,judgement_C.A.209-2025,0.9988
C.A._1022_2012,judgement_C.A.219-L-2015,0.9939
C.A._1022_2012,judgement_C.A.2133-2006,0.9987
C.A._1022_2012,judgement_C.A.204-L-2015,0.9993
C.A._1022_2012,judgement_C.A.212-2011,0.9988
C.A._1022_2012,judgement_C.A.221-2018,0.9989
C.A._1022_2012,judgement_C.A.2109-2016,0.9989
C.A._1022_2012,judgement_C.A.226-P-2018,0.999
C.A._1022_2012,judgement_C.A.23-P-2017,0.999
C.A._1022_2012,judgement_C.A.2206-2005,0.9989
C.A._1022_2012,judgement_C.A.231-2020,0.9987
C.A._1022_2012,judgement_C.A.239-2020,0.999
C.A._1022_2012,judgement_C.A.232-2020,0.9991
C.A._1022_2012,judgement_C.A.25-K-2018,0.9989
C.A._1022_2012,judgement_C.A.248-P-2010,0.9988
C.A._1022_2012,judgement_C.A.251-2015,0.9988
C.A._1022_2012,judgement_C.A.24-K-2019,0.9989
C.A._1022_2012,judgement_C.A.2619-2016,0.9989
C.A._1022_2012,judgement_C.A.2755-2006,0.9987
C.A._1022_2012,judgement_C.A.288-2013,0.999
C.A._1022_2012,judgement_C.A.224-2003,0.9989
C.A._1022_2012,judgement_C.A.297-2014,0.9988
C.A._1022_2012,judgement_C.A.308-2014,0.9991
C.A._1022_2012,judgement_C.A.269-2011,0.9991
C.A._1022_2012,judgement_C.A.294-2015,0.9989
C.A._1022_2012,judgement_C.A.319-2014,0.999
C.A._1022_2012,judgement_C.A.284-2017,0.9989
C.A._1022_2012,judgement_C.A.321-L-2014,0.9993
C.A._1022_2012,Const.P.127of2012,0.9988
C.A._1022_2012,judgement_C.A.322-2018,0.9987
C.A._1022_2012,judgement_C.A.32-K-2018,0.9989
C.A._1022_2012,judgement_C.A.315-2022,0.9988
C.A._1022_2012,judgement_C.A.340-2002,0.9989
C.A._1022_2012,judgement_C.A.3-2018,0.9988
C.A._1022_2012,judgement_C.A.333-2024,0.9991
C.A._1022_2012,judgement_C.A.326-L-2020,0.999
C.A._1022_2012,judgement_C.A.346-2020,0.9991
C.A._1022_2012,judgement_C.A.342-2014,0.9989
C.A._1022_2012,judgement_C.A.339-2016,0.9988
C.A._1022_2012,judgement_C.A.368-2011,0.9988
C.A._1022_2012,judgement_C.A.370-2020,0.9988
C.A._1022_2012,judgement_C.A.38-2014,0.9986
C.A._1022_2012,judgement_C.A.363-L-2015,0.9988
C.A._1022_2012,judgement_C.A.364-P-2019,0.9984
C.A._1022_2012,judgement_C.A.383-2013,0.9989
C.A._1022_2012,judgement_C.A.353-2015,0.9987
C.A._1022_2012,judgement_C.A.40-2021,0.9987
C.A._1022_2012,judgement_C.A.394-2014,0.9989
C.A._1022_2012,judgement_C.A.401-2015,0.9988
C.A._1022_2012,judgement_C.A.404-2011,0.9987
C.A._1022_2012,judgement_C.A.371-2020,0.9988
C.A._1022_2012,judgement_C.A.359-2013,0.9987
C.A._1022_2012,judgement_C.A.384-2014,0.9988
C.A._1022_2012,judgement_C.A.407-2013,0.9989
C.A._1022_2012,judgement_C.A.427-2013,0.999
C.A._1022_2012,judgement_C.A.441-2021,0.999
C.A._1022_2012,judgement_C.A.424-2015,0.9989
C.A._1022_2012,judgement_C.A.443-2021,0.9988
C.A._1022_2012,judgement_C.A.411-2013,0.9987
C.A._1022_2012,judgement_C.A.45-L-2018,0.9989
C.A._1022_2012,judgement_C.A.421-2018,0.9986
C.A._1022_2012,judgement_C.A.482-2014,0.9989
C.A._1022_2012,judgement_C.A.451-2017,0.9989
C.A._1022_2012,judgement_C.A.485-2020,0.9989
C.A._1022_2012,judgement_C.A.49-2015,0.9988
C.A._1022_2012,judgement_C.A.51-2011,0.9989
C.A._1022_2012,judgement_C.A.39-2010,0.999
C.A._1022_2012,judgement_C.A.468-2010,0.999
C.A._1022_2012,judgement_C.A.525-2013,0.9987
C.A._1022_2012,judgement_C.A.503-2006,0.9987
C.A._1022_2012,judgement_C.A.506-2011,0.9989
C.A._1022_2012,judgement_C.A.528-L-2012,0.9988
C.A._1022_2012,judgement_C.A.540-2021,0.999
C.A._1022_2012,judgement_C.A.535-2015,0.9988
C.A._1022_2012,judgement_C.A.527-2020,0.9992
C.A._1022_2012,judgement_C.A.53-2015,0.9988
C.A._1022_2012,judgement_C.A.551-2020,0.9989
C.A._1022_2012,judgement_C.A.491-2012,0.9989
C.A._1022_2012,judgement_C.A.550-2020,0.9989
C.A._1022_2012,judgement_C.A.561-2020,0.9988
C.A._1022_2012,judgement_C.A.579-2021,0.9987
C.A._1022_2012,judgement_C.A.587-2017,0.9988
C.A._1022_2012,judgement_C.A.513-2014,0.9989
C.A._1022_2012,judgement_C.A.56-2011,0.9987
C.A._1022_2012,judgement_C.A.605-2015,0.9988
C.A._1022_2012,judgement_C.A.545-2015,0.9987
C.A._1022_2012,judgement_C.A.588-2017,0.9991
C.A._1022_2012,judgement_C.A.6-2016,0.9989
C.A._1022_2012,judgement_C.A.579-L-2012,0.9988
C.A._1022_2012,judgement_C.A.613-2014,0.9992
C.A._1022_2012,judgement_C.A.601-2019,0.999
C.A._1022_2012,judgement_C.A.607-2021,0.9987
C.A._1022_2012,judgement_C.A.634-2014,0.9991
C.A._1022_2012,judgement_C.A.653-2014,0.9988
C.A._1022_2012,judgement_C.A.616-2006,0.9989
C.A._1022_2012,judgement_C.A.681-2020,0.9985
C.A._1022_2012,judgement_C.A.654-2021,0.999
C.A._1022_2012,judgement_C.A.639-2014,0.999
C.A._1022_2012,judgement_C.A.697-2008,0.9993
C.A._1022_2012,judgement_C.A.634-L-2012,0.9992
C.A._1022_2012,judgement_C.A.704-2017,0.999
C.A._1022_2012,judgement_C.A.668-2022,0.9988
C.A._1022_2012,judgement_C.A.694-2008,0.9986
C.A._1022_2012,judgement_C.A.718-2007,0.9989
C.A._1022_2012,judgement_C.A.654-2010,0.9981
C.A._1022_2012,judgement_C.A.723-2013,0.9988
C.A._1022_2012,judgement_C.A.710-2014,0.9989
C.A._1022_2012,judgement_C.A.754-2020,0.9988
C.A._1022_2012,judgement_C.A.760-2016,0.9986
C.A._1022_2012,judgement_C.A.756-2021,0.9988
C.A._1022_2012,judgement_C.A.749-2021,0.9988
C.A._1022_2012,judgement_C.A.785-2017,0.9922
C.A._1022_2012,judgement_C.A.786-2017,0.9922
C.A._1022_2012,judgement_C.A.731-2016,0.9988
C.A._1022_2012,judgement_C.A.77-2015,0.999
C.A._1022_2012,judgement_C.A.774-2013,0.9987
C.A._1022_2012,judgement_C.A.749-2013,0.9989
C.A._1022_2012,judgement_C.A.799-2021,0.999
C.A._1022_2012,judgement_C.A.799-2007,0.9988
C.A._1022_2012,judgement_C.A.794-2006,0.9993
C.A._1022_2012,judgement_C.A.8-L-2009,0.9989
C.A._1022_2012,judgement_C.A.82-K-2015,0.999
C.A._1022_2012,judgement_C.A.825-2015,0.9988
C.A._1022_2012,judgement_C.A.826-2016,0.9987
C.A._1022_2012,judgement_C.A.835-2021,0.9988
C.A._1022_2012,judgement_C.A.837-2011,0.9989
C.A._1022_2012,judgement_C.A.837-2015,0.9989
C.A._1022_2012,judgement_C.A.840-2017,0.9992
C.A._1022_2012,judgement_C.A.842-2024,0.999
C.A._1022_2012,judgement_C.A.803-2016,0.9987
C.A._1022_2012,judgement_C.A.843-2012,0.9983
C.A._1022_2012,judgement_C.A.815-2016,0.9966
C.A._1022_2012,judgement_C.A.845-2010,0.9991
C.A._1022_2012,judgement_C.A.861-2007,0.999
C.A._1022_2012,judgement_C.A.886-2014,0.9991
C.A._1022_2012,judgement_C.A.800-L-2013,0.999
C.A._1022_2012,judgement_C.A.904-2013,0.9959
C.A._1022_2012,judgement_C.A.870-2014,0.999
C.A._1022_2012,judgement_C.A.931-2020,0.9989
C.A._1022_2012,judgement_C.A.908-2012,0.9991
C.A._1022_2012,judgement_C.A.925-2020,0.9988
C.A._1022_2012,judgement_C.A.960-2017,0.9988
C.A._1022_2012,judgement_C.A.97-2021,0.9989
C.A._1022_2012,judgement_C.A.970-2003,0.9987
C.A._1022_2012,judgement_C.A.946-2014,0.9996
C.A._1022_2012,judgement_C.A.981-2018,0.9987
C.A._1022_2012,judgement_C.A.985-2020,0.9989
C.A._1022_2012,judgement_C.M.A.10566-2023,0.9988
C.A._1022_2012,judgement_C.A.982-2018,0.9983
C.A._1022_2012,judgement_C.M.A.10618-2018,0.9991
C.A._1022_2012,judgement_C.A.97-2003,0.9987
C.A._1022_2012,judgement_C.A.997-2010,0.9989
C.A._1022_2012,judgement_C.M.A.1652-2013,0.9987
C.A._1022_2012,judgement_C.M.A.1656-2015,0.9988
C.A._1022_2012,judgement_C.M.A.1674-2013,0.9982
C.A._1022_2012,judgement_C.M.A.193-2013,0.9985
C.A._1022_2012,judgement_C.M.A.204-2017,0.9989
C.A._1022_2012,judgement_C.M.A.2012-2023,0.9982
C.A._1022_2012,judgement_C.M.A.209-K-2014,0.9985
C.A._1022_2012,judgement_C.M.A.2376-2013,0.9983
C.A._1022_2012,judgement_C.M.A.2371-2012,0.9984
C.A._1022_2012,judgement_C.M.A.2380-2013,0.9968
C.A._1022_2012,judgement_C.M.A.1145-K-2013,0.9985
C.A._1022_2012,judgement_C.M.A.284-2021,0.999
C.A._1022_2012,judgement_C.M.A.2769-2023,0.9989
C.A._1022_2012,judgement_C.M.A.290-2012,0.9988
C.A._1022_2012,judgement_C.M.A.2939-2017,0.9993
C.A._1022_2012,judgement_C.M.A.1243-2021,0.9992
C.A._1022_2012,judgement_C.M.A.2915-2013,0.9988
C.A._1022_2012,judgement_C.M.A.2943-2014,0.9987
C.A._1022_2012,judgement_C.M.A.2981-2010,0.9984
C.A._1022_2012,judgement_C.M.A.3325-2012,0.9986
C.A._1022_2012,judgement_C.M.A.3393-2013,0.9985
C.A._1022_2012,judgement_C.M.A.3470-2013,0.9981
C.A._1022_2012,judgement_C.M.A.376-K-2016,0.9988
C.A._1022_2012,judgement_C.M.A.3685-2012,0.9987
C.A._1022_2012,judgement_C.A.876-2005,0.9993
C.A._1022_2012,judgement_C.M.A.3986-2017,0.9991
C.A._1022_2012,judgement_C.M.A.3221-2012,0.999
C.A._1022_2012,judgement_C.A.792-2005,0.9985
C.A._1022_2012,judgement_C.M.A.4109-2015,0.998
C.A._1022_2012,judgement_C.M.A.4581-2013,0.9993
C.A._1022_2012,judgement_C.M.A.4671-2012,0.9984
C.A._1022_2012,judgement_C.M.A.4821-2018,0.9979
C.A._1022_2012,judgement_C.M.A.490-2021,0.999
C.A._1022_2012,judgement_C.M.A.4053-2018,0.999
C.A._1022_2012,judgement_C.M.A.5216-2012,0.9974
C.A._1022_2012,judgement_C.M.A.5602-2021,0.998
C.A._1022_2012,judgement_C.M.A.6309-2018,0.9988
C.A._1022_2012,judgement_C.M.A.4918-2012,0.9993
C.A._1022_2012,judgement_C.M.A.6155-2018,0.9983
C.A._1022_2012,judgement_C.M.A.64-2013,0.9976
C.A._1022_2012,judgement_C.M.A.7546-2013,0.9982
C.A._1022_2012,judgement_C.M.A.7679-2013,0.999
C.A._1022_2012,judgement_C.M.A.7139-2019,0.9988
C.A._1022_2012,judgement_C.M.A.3932-2023,0.9989
C.A._1022_2012,judgement_C.M.A.7084-2020,0.9987
C.A._1022_2012,judgement_C.M.A.908-2014,0.9987
C.A._1022_2012,judgement_C.M.APPEAL.1-2012,0.9985
C.A._1022_2012,judgement_C.M.Appeal.89-2024,0.9991
C.A._1022_2012,judgement_C.P.1-2013,0.9946
C.A._1022_2012,judgement_C.M.A.687-2017,0.9992
C.A._1022_2012,judgement_C.P.126-2012,0.9987
C.A._1022_2012,judgement_C.M.A.7923-2019,0.999
C.A._1022_2012,judgement_C.P.105-2012,0.9987
C.A._1022_2012,judgement_C.P.14-2023,0.9985
C.A._1022_2012,judgement_C.P.2-2024,0.9993
C.A._1022_2012,judgement_C.P.11-2010,0.9984
C.A._1022_2012,judgement_C.P.21-2022,0.998
C.A._1022_2012,judgement_C.P.20-2009,0.9982
C.A._1022_2012,judgement_C.P.10-2019,0.9992
C.A._1022_2012,judgement_C.P.22-2009,0.9987
C.A._1022_2012,judgement_C.M.A.2745-2009,0.9987
C.A._1022_2012,judgement_C.P.24-2023,0.9984
C.A._1022_2012,judgement_C.P.26-2013,0.9986
C.A._1022_2012,judgement_C.P.26-2016,0.9984
C.A._1022_2012,judgement_C.P.29-2011,0.999
C.A._1022_2012,judgement_C.P.29-2016,0.9989
C.A._1022_2012,judgement_C.P.3-2011,0.9989
C.A._1022_2012,judgement_C.P.24-2017,0.9988
C.A._1022_2012,judgement_C.P.17-2019,0.9988
C.A._1022_2012,judgement_C.P.32-2013,0.9988
C.A._1022_2012,judgement_C.P.33-2005,0.9995
C.A._1022_2012,judgement_C.P.35-2013,0.9986
C.A._1022_2012,judgement_C.P.33-2013,0.9987
C.A._1022_2012,judgement_C.P.31-2011,0.9985
C.A._1022_2012,judgement_C.P.36-2005,0.9988
C.A._1022_2012,judgement_C.P.29-2017,0.9988
C.A._1022_2012,judgement_C.P.21-2023,0.9989
C.A._1022_2012,judgement_C.P.39-2019,0.9987
C.A._1022_2012,judgement_C.P.39-2007,0.9979
C.A._1022_2012,judgement_C.P.40-2012,0.9925
C.A._1022_2012,judgement_C.P.42-2011,0.9941
C.A._1022_2012,judgement_C.P.46-2010,0.9988
C.A._1022_2012,judgement_C.P.39-2016,0.9987
C.A._1022_2012,judgement_C.P.48-2019,0.9987
C.A._1022_2012,judgement_C.P.5-2023,0.9985
C.A._1022_2012,judgement_C.P.5-2024,0.9988
C.A._1022_2012,judgement_C.P.5-2011,0.9989
C.A._1022_2012,judgement_C.P.58-2010,0.9989
C.A._1022_2012,judgement_C.P.38-2016,0.9994
C.A._1022_2012,judgement_C.P.6-2023,0.9987
C.A._1022_2012,judgement_C.P.5-2012,0.9988
C.A._1022_2012,judgement_C.P.6-2011,0.9988
C.A._1022_2012,judgement_C.P.7-2024,0.9991
C.A._1022_2012,judgement_C.P.59-2011,0.9989
C.A._1022_2012,judgement_C.P.73-2011,0.9989
C.A._1022_2012,judgement_C.P.5-2004,0.9988
C.A._1022_2012,judgement_C.P.72-2015,0.9986
C.A._1022_2012,judgement_C.P.77-2010,0.9991
C.A._1022_2012,judgement_C.P.77-2012,0.9912
C.A._1022_2012,judgement_C.P.60-2010,0.9989
C.A._1022_2012,judgement_C.P.9-2005,0.9989
C.A._1022_2012,judgement_C.P.76-2018,0.9991
C.A._1022_2012,judgement_C.P.9-2023,0.9987
C.A._1022_2012,judgement_C.P.9-2009,0.9989
C.A._1022_2012,judgement_C.P.9-2010,0.9985
C.A._1022_2012,judgement_C.P.97-2014,0.9988
C.A._1022_2012,judgement_C.P.L.A.100-Q-2023,0.9989
C.A._1022_2012,judgement_C.P.L.A.1002-2025,0.9993
C.A._1022_2012,judgement_C.P.9-2014,0.999
C.A._1022_2012,judgement_C.P.91-2011,0.9989
C.A._1022_2012,judgement_C.P.L.A.1049-2009,0.9986
C.A._1022_2012,judgement_C.P.L.A.1088-2016,0.9991
C.A._1022_2012,judgement_C.P.L.A.1032-K-2025,0.9991
C.A._1022_2012,judgement_C.P.L.A.1097-L-2004,0.9986
C.A._1022_2012,judgement_C.P.L.A.110-2023,0.999
C.A._1022_2012,judgement_C.P.L.A.1092-2018,0.9987
C.A._1022_2012,judgement_C.P.L.A.1124-K-2023,0.9988
C.A._1022_2012,judgement_C.P.L.A.1017-L-2011,0.9994
C.A._1022_2012,judgement_C.P.L.A.1165-2021,0.9988
C.A._1022_2012,judgement_C.P.L.A.1181-L-2016,0.9988
C.A._1022_2012,judgement_C.P.L.A.1171-2021,0.9994
C.A._1022_2012,judgement_C.P.9-2006,0.999
C.A._1022_2012,judgement_C.P.L.A.1107-L-2015,0.9991
C.A._1022_2012,judgement_C.P.L.A.1191-2017,0.9988
C.A._1022_2012,judgement_C.P.L.A.1368-K-2023,0.9989
C.A._1022_2012,judgement_C.P.L.A.1340-2014,0.9987
C.A._1022_2012,judgement_C.P.L.A.130-2015,0.9987
C.A._1022_2012,judgement_C.P.L.A.1378-L-2013,0.9988
C.A._1022_2012,judgement_C.P.L.A.1193-2020,0.999
C.A._1022_2012,judgement_C.P.L.A.146-P-2015,0.9988
C.A._1022_2012,judgement_C.P.L.A.147-K-2023,0.9987
C.A._1022_2012,judgement_C.P.L.A.1444-2019,0.999
C.A._1022_2012,judgement_C.P.L.A.1472-2013,0.999
C.A._1022_2012,judgement_C.P.L.A.1369-L-2019,0.9987
C.A._1022_2012,judgement_C.P.L.A.1499-L-2012,0.9988
C.A._1022_2012,judgement_C.P.L.A.1515-2016,0.9912
C.A._1022_2012,judgement_C.P.L.A.1532-L-2005,0.9989
C.A._1022_2012,judgement_C.P.L.A.1542-2017,0.9987
C.A._1022_2012,judgement_C.P.L.A.1503-2022,0.9985
C.A._1022_2012,judgement_C.P.L.A.159-P-2014,0.9989
C.A._1022_2012,judgement_C.P.L.A.1575-2024,0.9989
C.A._1022_2012,judgement_C.P.L.A.1646-L-2014,0.9988
C.A._1022_2012,judgement_C.P.L.A.1662-2016,0.9986
C.A._1022_2012,judgement_C.P.L.A.1684-2025,0.9988
C.A._1022_2012,judgement_C.P.L.A.1598-2016,0.9988
C.A._1022_2012,judgement_C.P.L.A.173-2017,0.9988
C.A._1022_2012,judgement_C.P.L.A.1569-L-2005,0.9983
C.A._1022_2012,judgement_C.P.L.A.173-Q-2023,0.9993
C.A._1022_2012,judgement_C.P.L.A.1702-2015,0.9991
C.A._1022_2012,judgement_C.P.L.A.1700-2011,0.9988
C.A._1022_2012,judgement_C.P.L.A.18-P-2021,0.9988
C.A._1022_2012,judgement_C.P.L.A.1800-2015,0.9898
C.A._1022_2012,judgement_C.P.L.A.1774-2014,0.9988
C.A._1022_2012,judgement_C.P.L.A.1841-2025,0.9989
C.A._1022_2012,judgement_C.P.L.A.182-2025,0.9989
C.A._1022_2012,judgement_C.P.127-2012,0.9988
C.A._1022_2012,judgement_C.P.L.A.1774-2015,0.9988
C.A._1022_2012,judgement_C.P.L.A.187-Q-2024,0.9989
C.A._1022_2012,judgement_C.P.L.A.1882-2016,0.9989
C.A._1022_2012,judgement_C.P.L.A.1925-2020,0.9989
C.A._1022_2012,judgement_C.P.L.A.1925-2024,0.9989
C.A._1022_2012,judgement_C.P.L.A.1974-L-2020,0.9988
C.A._1022_2012,judgement_C.P.L.A.1866-L-2023,0.9989
C.A._1022_2012,judgement_C.P.L.A.2117-2016,0.9989
C.A._1022_2012,judgement_C.P.L.A.1573-2024,0.9989
C.A._1022_2012,judgement_C.P.L.A.1965-2019,0.9986
C.A._1022_2012,judgement_C.P.L.A.2066-2013,0.9988
C.A._1022_2012,judgement_C.P.L.A.2144-2016,0.9989
C.A._1022_2012,judgement_C.P.L.A.2108-2018,0.9988
C.A._1022_2012,judgement_C.P.L.A.2124-2013,0.9989
C.A._1022_2012,judgement_C.P.L.A.22-Q-2020,0.9988
C.A._1022_2012,judgement_C.P.L.A.223-P-2012,0.9989
C.A._1022_2012,judgement_C.P.L.A.225-P-2023,0.9986
C.A._1022_2012,judgement_C.P.L.A.2167-2014,0.9988
C.A._1022_2012,judgement_C.P.L.A.2242-2022,0.999
C.A._1022_2012,judgement_C.P.L.A.2255-2010,0.9988
C.A._1022_2012,judgement_C.P.L.A.2293-L-2016,0.9988
C.A._1022_2012,judgement_C.P.L.A.2280-2015,0.9941
C.A._1022_2012,judgement_C.P.L.A.2093-2015,0.9987
C.A._1022_2012,judgement_C.P.L.A.2222-2016,0.9988
C.A._1022_2012,judgement_C.P.L.A.2330-L-2019,0.9988
C.A._1022_2012,judgement_C.P.L.A.2313-2024,0.9992
C.A._1022_2012,judgement_C.P.L.A.2305-L-2016,0.9989
C.A._1022_2012,judgement_C.P.L.A.2408-L-2009,0.9989
C.A._1022_2012,judgement_C.P.L.A.2420-2015,0.9989
C.A._1022_2012,judgement_C.P.L.A.2379-2016,0.9988
C.A._1022_2012,judgement_C.P.L.A.2338-L-2017,0.9989
C.A._1022_2012,judgement_C.P.L.A.2411-2014,0.9988
C.A._1022_2012,judgement_C.P.L.A.25-Q-2014,0.9994
C.A._1022_2012,judgement_C.P.L.A.2547-2023,0.9987
C.A._1022_2012,judgement_C.P.L.A.2522-2024,0.9992
C.A._1022_2012,judgement_C.P.L.A.2515-2015,0.9988
C.A._1022_2012,judgement_C.P.L.A.2555-2022,0.9988
C.A._1022_2012,judgement_C.P.L.A.258-2017,0.9985
C.A._1022_2012,judgement_C.P.L.A.2532-2015,0.9983
C.A._1022_2012,judgement_C.P.L.A.2580-2020,0.9989
C.A._1022_2012,judgement_C.P.L.A.264-P-2010,0.9988
C.A._1022_2012,judgement_C.P.L.A.2594-2020,0.9985
C.A._1022_2012,judgement_C.P.L.A.272-2016,0.9916
C.A._1022_2012,judgement_C.P.L.A.2734-L-2023,0.9988
C.A._1022_2012,judgement_C.P.L.A.275-2016,0.9988
C.A._1022_2012,judgement_C.P.L.A.2669-2016,0.9989
C.A._1022_2012,judgement_C.P.L.A.2814-2018,0.9989
C.A._1022_2012,judgement_C.P.L.A.284-P-2012,0.9989
C.A._1022_2012,judgement_C.P.L.A.2788-2022,0.9987
C.A._1022_2012,judgement_C.P.L.A.288-P-2015,0.9989
C.A._1022_2012,judgement_C.P.L.A.281-K-2022,0.9989
C.A._1022_2012,judgement_C.P.L.A.2902-2018,0.9986
C.A._1022_2012,judgement_C.P.L.A.287-P-2016,0.9988
C.A._1022_2012,judgement_C.P.L.A.290-K-2024,0.9992
C.A._1022_2012,judgement_C.P.L.A.304-2022,0.9989
C.A._1022_2012,judgement_C.P.L.A.3-K-2023,0.9991
C.A._1022_2012,judgement_C.P.L.A.3097-2015,0.9988
C.A._1022_2012,judgement_C.P.L.A.3078-2016,0.9974
C.A._1022_2012,judgement_C.P.L.A.3041-2020,0.999
C.A._1022_2012,judgement_C.P.L.A.2916-2019,0.9988
C.A._1022_2012,judgement_C.P.L.A.319-2016,0.9942
C.A._1022_2012,judgement_C.P.L.A.3181-2015,0.9988
C.A._1022_2012,judgement_C.P.L.A.3148-2020,0.9987
C.A._1022_2012,judgement_C.P.L.A.3282-L-2022,0.9987
C.A._1022_2012,judgement_C.P.L.A.3228-2015,0.9989
C.A._1022_2012,judgement_C.P.L.A.3287-2019,0.9988
C.A._1022_2012,judgement_C.P.L.A.3317-2018,0.999
C.A._1022_2012,judgement_C.P.L.A.3381-2024,0.9993
C.A._1022_2012,judgement_C.P.L.A.3367-2018,0.9987
C.A._1022_2012,judgement_C.P.L.A.331-P-2014,0.9986
C.A._1022_2012,judgement_C.P.L.A.3186-2015,0.9989
C.A._1022_2012,judgement_C.P.L.A.3131-2017,0.9988
C.A._1022_2012,judgement_C.P.L.A.339-K-2017,0.9991
C.A._1022_2012,judgement_C.P.L.A.2243-L-2019,0.9995
C.A._1022_2012,judgement_C.P.L.A.3451-2015,0.999
C.A._1022_2012,judgement_C.P.L.A.339-L-2023,0.9987
C.A._1022_2012,judgement_C.P.L.A.3463-2021,0.9989
C.A._1022_2012,judgement_C.P.L.A.3520-2020,0.999
C.A._1022_2012,judgement_C.P.L.A.3575-2020,0.9991
C.A._1022_2012,judgement_C.P.L.A.357-2016,0.9988
C.A._1022_2012,judgement_C.P.L.A.3460-2015,0.9988
C.A._1022_2012,judgement_C.P.L.A.3532-2023,0.9921
C.A._1022_2012,judgement_C.P.L.A.3413-2017,0.9989
C.A._1022_2012,judgement_C.P.L.A.3752-2018,0.9987
C.A._1022_2012,judgement_C.P.L.A.3589-2022,0.9988
C.A._1022_2012,judgement_C.P.L.A.3729-2015,0.999
C.A._1022_2012,judgement_C.P.L.A.378-L-2004,0.9988
C.A._1022_2012,judgement_C.P.L.A.3587-2020,0.9987
C.A._1022_2012,judgement_C.P.L.A.3597-L-2023,0.9989
C.A._1022_2012,judgement_C.P.L.A.380-2014,0.9933
C.A._1022_2012,judgement_C.P.L.A.3795-2021,0.9988
C.A._1022_2012,judgement_C.P.L.A.3811-2019,0.9989
C.A._1022_2012,judgement_C.P.L.A.3772-2019,0.9988
C.A._1022_2012,judgement_C.P.L.A.381-K-2019,0.9989
C.A._1022_2012,judgement_C.P.L.A.385-L-2021,0.9988
C.A._1022_2012,judgement_C.P.L.A.3718-2023,0.9988
C.A._1022_2012,judgement_C.P.L.A.396-2017,0.9989
C.A._1022_2012,judgement_C.P.L.A.3952-2019,0.9988
C.A._1022_2012,judgement_C.P.L.A.3950-2019,0.9988
C.A._1022_2012,judgement_C.P.L.A.3923-2016,0.999
C.A._1022_2012,judgement_C.P.L.A.3988-2022,0.9989
C.A._1022_2012,judgement_C.P.L.A.42-2024,0.9995
C.A._1022_2012,judgement_C.P.L.A.4365-2023,0.9992
C.A._1022_2012,judgement_C.P.L.A.407-K-2021,0.999
C.A._1022_2012,judgement_C.P.L.A.4522-2023,0.999
C.A._1022_2012,judgement_C.P.L.A.449-2019,0.9994
C.A._1022_2012,judgement_C.P.L.A.4-K-2025,0.9989
C.A._1022_2012,judgement_C.P.L.A.44-2022,0.9989
C.A._1022_2012,judgement_C.P.L.A.4576-2023,0.9988
C.A._1022_2012,judgement_C.P.L.A.4740-2017,0.9986
C.A._1022_2012,judgement_C.P.L.A.4703-2017,0.9984
C.A._1022_2012,judgement_C.P.L.A.4889-2018,0.9985
C.A._1022_2012,judgement_C.P.L.A.45-2015,0.9911
C.A._1022_2012,judgement_C.P.L.A.4862-2018,0.9988
C.A._1022_2012,judgement_C.P.L.A.4570-2019,0.9989
C.A._1022_2012,judgement_C.P.L.A.509-P-2012,0.9988
C.A._1022_2012,judgement_C.P.L.A.524-P-2015,0.9988
C.A._1022_2012,judgement_C.P.L.A.512-2022,0.9988
C.A._1022_2012,judgement_C.P.L.A.4963-2018,0.9987
C.A._1022_2012,judgement_C.P.L.A.510-2019,0.9989
C.A._1022_2012,judgement_C.P.L.A.531-P-2024,0.9989
C.A._1022_2012,judgement_C.P.L.A.5796-2021,0.9987
C.A._1022_2012,judgement_C.P.L.A.548-P-2013,0.9989
C.A._1022_2012,judgement_C.P.L.A.5646-2021,0.9989
C.A._1022_2012,judgement_C.P.L.A.5929-2024,0.9986
C.A._1022_2012,judgement_C.P.L.A.590-2021,0.9987
C.A._1022_2012,judgement_C.P.L.A.5516-2024,0.9988
C.A._1022_2012,judgement_C.P.L.A.51-2015,0.9988
C.A._1022_2012,judgement_C.P.L.A.609-2017,0.9989
C.A._1022_2012,judgement_C.P.L.A.639-2019,0.9987
C.A._1022_2012,judgement_C.P.L.A.593-2020,0.9987
C.A._1022_2012,judgement_C.P.L.A.664-K-2017,0.9989
C.A._1022_2012,judgement_C.P.L.A.6059-2021,0.9993
C.A._1022_2012,judgement_C.P.L.A.689-L-2015,0.9985
C.A._1022_2012,judgement_C.P.L.A.686-K-2019,0.9989
C.A._1022_2012,judgement_C.P.L.A.70-2014,0.9989
C.A._1022_2012,judgement_C.P.L.A.687-2022,0.9989
C.A._1022_2012,judgement_C.P.L.A.706-2021,0.9988
C.A._1022_2012,judgement_C.P.L.A.701-2016,0.9988
C.A._1022_2012,judgement_C.P.L.A.722-P-2021,0.9989
C.A._1022_2012,judgement_C.P.L.A.529-2015,0.9987
C.A._1022_2012,judgement_C.P.L.A.715-2018,0.999
C.A._1022_2012,judgement_C.P.L.A.74-2025,0.999
C.A._1022_2012,judgement_C.P.L.A.720-2020,0.9988
C.A._1022_2012,judgement_C.P.L.A.78-Q-2016,0.9989
C.A._1022_2012,judgement_C.P.L.A.788-2006,0.9988
C.A._1022_2012,judgement_C.P.L.A.781-2016,0.9988
C.A._1022_2012,judgement_C.P.L.A.800-P-2019,0.9987
C.A._1022_2012,judgement_C.P.L.A.80-Q-2010,0.9988
C.A._1022_2012,judgement_C.P.L.A.805-L-2019,0.9989
C.A._1022_2012,judgement_C.P.L.A.76-2007,0.9985
C.A._1022_2012,judgement_C.P.L.A.826-2016,0.9987
C.A._1022_2012,judgement_C.P.L.A.820-2019,0.9989
C.A._1022_2012,judgement_C.P.L.A.84-2016,0.9988
C.A._1022_2012,judgement_C.P.L.A.84-P-2015,0.9986
C.A._1022_2012,judgement_C.P.L.A.853-2014,0.9907
C.A._1022_2012,judgement_C.P.L.A.873-2021,0.9989
C.A._1022_2012,judgement_C.P.L.A.890-K-2023,0.998
C.A._1022_2012,judgement_C.P.L.A.784-2014,0.9988
C.A._1022_2012,judgement_C.P.L.A.95-2023,0.9988
C.A._1022_2012,judgement_C.P.L.A.78-K-2024,0.9988
C.A._1022_2012,judgement_C.P.L.A.944-L-2014,0.9987
C.A._1022_2012,judgement_C.P.L.A.921-L-2017,0.9989
C.A._1022_2012,judgement_C.R.P.1-2014,0.999
C.A._1022_2012,judgement_C.P.L.A.989-2015,0.9987
C.A._1022_2012,judgement_C.R.P.125-2017,0.996
C.A._1022_2012,judgement_C.P.L.A.993-2014,0.9989
C.A._1022_2012,judgement_C.R.P.14-2024,0.9991
C.A._1022_2012,judgement_C.P.L.A.852-2020,0.9988
C.A._1022_2012,judgement_C.R.P.197-2022,0.9988
C.A._1022_2012,judgement_C.R.P.100-2016,0.9974
C.A._1022_2012,judgement_C.R.P.229-2006,0.9986
C.A._1022_2012,judgement_C.R.P.247-2015,0.9988
C.A._1022_2012,judgement_C.R.P.167-2012,0.9988
C.A._1022_2012,judgement_C.R.P.268-2015,0.9988
C.A._1022_2012,judgement_C.R.P.247-2011,0.9986
C.A._1022_2012,judgement_C.R.P.297-2017,0.9988
C.A._1022_2012,judgement_C.R.P.310-2018,0.9988
C.A._1022_2012,judgement_C.R.P.315-2013,0.9986
C.A._1022_2012,judgement_C.R.P.309-2013,0.9988
C.A._1022_2012,judgement_C.R.P.360-2024,0.9991
C.A._1022_2012,judgement_C.R.P.296-2020,0.9991
C.A._1022_2012,judgement_C.R.P.383-2005,0.9989
C.A._1022_2012,judgement_C.R.P.420-2016,0.9995
C.A._1022_2012,judgement_C.R.P.328-2013,0.9988
C.A._1022_2012,judgement_C.R.P.446-2022,0.9958
C.A._1022_2012,judgement_C.R.P.43-K-2012,0.9989
C.A._1022_2012,judgement_C.R.P.421-2020,0.9989
C.A._1022_2012,judgement_C.R.P.70-2018,0.9985
C.A._1022_2012,judgement_C.R.P.835-2018,0.9982
C.A._1022_2012,judgement_C.R.P.87-2015,0.9987
C.A._1022_2012,judgement_C.Sh.A.1-2013,0.9985
C.A._1022_2012,judgement_C.U.O.18-2024,0.9986
C.A._1022_2012,judgement_C.R.P.125-2014,0.9989
C.A._1022_2012,judgement_C.R.P.193-2013,0.9989
C.A._1022_2012,judgement_Crl.A.103-2019,0.999
C.A._1022_2012,judgement_C.R.P.45-2009,0.9979
C.A._1022_2012,judgement_Crl.A.106-2020,0.9989
C.A._1022_2012,judgement_Crl.A.108-2020,0.999
C.A._1022_2012,judgement_Crl.A.11-P-2014,0.999
C.A._1022_2012,judgement_C.P.L.A.842-2016,0.9988
C.A._1022_2012,judgement_Complaint.586-2023-SJC,0.9992
C.A._1022_2012,judgement_Crl.A.128-2020,0.9991
C.A._1022_2012,judgement_Crl.A.122-L-2012,0.9988
C.A._1022_2012,judgement_Crl.A.12-P-2011,0.9988
C.A._1022_2012,judgement_Crl.A.15-Q-2020,0.9991
C.A._1022_2012,judgement_C.R.P.49-2016,0.9989
C.A._1022_2012,judgement_Crl.A.155-2018,0.9988
C.A._1022_2012,judgement_Crl.A.160-2010,0.9976
C.A._1022_2012,judgement_Crl.A.139-2022,0.9989
C.A._1022_2012,judgement_Crl.A.163-2013,0.9986
C.A._1022_2012,judgement_Crl.A.181-2012,0.9988
C.A._1022_2012,judgement_Crl.A.178-L-2009,0.999
C.A._1022_2012,judgement_Crl.A.190-2016,0.9922
C.A._1022_2012,judgement_Crl.A.22-P-2014,0.999
C.A._1022_2012,judgement_Crl.A.201-2018,0.9985
C.A._1022_2012,judgement_Const.P.3-2014,0.999
C.A._1022_2012,judgement_Crl.A.208-2022,0.999
C.A._1022_2012,judgement_Crl.A.266-2019,0.9989
C.A._1022_2012,judgement_Crl.A.282-2019,0.9989
C.A._1022_2012,judgement_Crl.A.137-L-2010,0.9988
C.A._1022_2012,judgement_Crl.A.239-2020,0.9988
C.A._1022_2012,judgement_Crl.A.3-Q-2021,0.999
C.A._1022_2012,judgement_Crl.A.301-L-2017,0.9986
C.A._1022_2012,judgement_Crl.A.297-2020,0.9989
C.A._1022_2012,judgement_CRL.A.310-2006,0.9989
C.A._1022_2012,judgement_Crl.A.324-2021,0.9987
C.A._1022_2012,judgement_Crl.A.315-2012,0.9989
C.A._1022_2012,judgement_Crl.A.24-2010,0.9985
C.A._1022_2012,judgement_Crl.A.386-2018,0.9988
C.A._1022_2012,judgement_Crl.A.343-2023,0.999
C.A._1022_2012,judgement_Crl.A.351-2023,0.9988
C.A._1022_2012,judgement_Crl.A.39-K-2022,0.9989
C.A._1022_2012,judgement_Crl.A.416-2020,0.9992
C.A._1022_2012,judgement_Crl.A.35-K-2016,0.999
C.A._1022_2012,judgement_Crl.A.402-2013,0.9993
C.A._1022_2012,judgement_Crl.A.436-2017,0.9987
C.A._1022_2012,judgement_Crl.A.446-2020,0.999
C.A._1022_2012,judgement_Crl.A.506-2020,0.9992
C.A._1022_2012,judgement_Crl.A.479-2015,0.9944
C.A._1022_2012,judgement_CRL.A.413-2013,0.999
C.A._1022_2012,judgement_Crl.A.541-2020,0.9989
C.A._1022_2012,judgement_Crl.A.48-2021,0.9989
C.A._1022_2012,judgement_Crl.A.547-2017,0.999
C.A._1022_2012,judgement_Crl.A.585-2020,0.9991
C.A._1022_2012,judgement_Crl.A.496-2009,0.9989
C.A._1022_2012,judgement_Crl.A.6-P-2015,0.9988
C.A._1022_2012,judgement_Crl.A.528-2019,0.9989
C.A._1022_2012,judgement_Crl.A.560-2020,0.999
C.A._1022_2012,judgement_Crl.A.785-2020,0.9988
C.A._1022_2012,judgement_Crl.A.7-P-2017,0.9988
C.A._1022_2012,judgement_Crl.A.97-2017,0.9979
C.A._1022_2012,judgement_Crl.A.82-2022,0.999
C.A._1022_2012,judgement_CRL.A.652-2009,0.9988
C.A._1022_2012,judgement_Crl.M.A.1591-2020,0.9978
C.A._1022_2012,judgement_Crl.M.A.1113-2024,0.9969
C.A._1022_2012,judgement_Crl.M.A.459-2020,0.9984
C.A._1022_2012,judgement_Crl.M.A.183-2019,0.9989
C.A._1022_2012,judgement_Crl.M.A.512-2019,0.9988
C.A._1022_2012,judgement_Crl.O.P.19-2024,0.9988
C.A._1022_2012,judgement_CRL.A.163-2005,0.9988
C.A._1022_2012,judgement_Crl.O.P.40-2023,0.9986
C.A._1022_2012,judgement_Crl.O.P.36-2017,0.998
C.A._1022_2012,judgement_Crl.M.A.62-P-2018,0.9989
C.A._1022_2012,judgement_Crl.O.P.47-2016,0.9988
C.A._1022_2012,judgement_Crl.O.P.6-2024,0.9986
C.A._1022_2012,judgement_Crl.O.P.57-2015,0.9989
C.A._1022_2012,judgement_CRL.O.P.70-2012,0.999
C.A._1022_2012,judgement_Crl.M.A.200-2019,0.9989
C.A._1022_2012,judgement_Crl.P.L.A.100-K-2020,0.9987
C.A._1022_2012,judgement_Crl.P.L.A.1001-2016,0.9989
C.A._1022_2012,judgement_Crl.O.P.59-2015,0.9986
C.A._1022_2012,judgement_Crl.P.L.A.1033-2025,0.9992
C.A._1022_2012,judgement_Crl.P.L.A.104-P-2023,0.9992
C.A._1022_2012,judgement_CRL.O.P.92-2013,0.9985
C.A._1022_2012,judgement_Crl.P.L.A.1054-L-2023,0.999
C.A._1022_2012,judgement_Crl.P.L.A.1055-2025,0.9988
C.A._1022_2012,judgement_Crl.P.L.A.105-K-2020,0.9988
C.A._1022_2012,judgement_Crl.P.L.A.1088-2021,0.9983
C.A._1022_2012,judgement_Crl.P.L.A.1117-L-2021,0.9984
C.A._1022_2012,judgement_Crl.P.L.A.114-2018,0.9989
C.A._1022_2012,judgement_Crl.P.L.A.1099-2016,0.9989
C.A._1022_2012,judgement_Crl.P.L.A.1121-2021,0.9987
C.A._1022_2012,judgement_Crl.P.L.A.1144-2025,0.9991
C.A._1022_2012,judgement_Crl.P.L.A.1146-2021,0.9988
C.A._1022_2012,judgement_Crl.P.L.A.12-2014,0.9985
C.A._1022_2012,judgement_Crl.P.L.A.1184-2025,0.9987
C.A._1022_2012,judgement_Crl.P.L.A.120-2016,0.9867
C.A._1022_2012,judgement_Crl.P.L.A.1225-2021,0.9993
C.A._1022_2012,judgement_Crl.P.L.A.1212-L-2022,0.9992
C.A._1022_2012,judgement_Crl.A.95-2019,0.9987
C.A._1022_2012,judgement_Crl.P.L.A.1268-L-2021,0.9988
C.A._1022_2012,judgement_Crl.P.L.A.1269-2020,0.9987
C.A._1022_2012,judgement_Crl.P.L.A.1271-2019,0.9987
C.A._1022_2012,judgement_Crl.P.L.A.1290-2021,0.9989
C.A._1022_2012,judgement_Crl.P.L.A.1251-2022,0.9989
C.A._1022_2012,judgement_Crl.P.L.A.1303-2021,0.9989
C.A._1022_2012,judgement_Crl.P.L.A.1319-L-2021,0.9987
C.A._1022_2012,judgement_Crl.P.L.A.1316-2016,0.9987
C.A._1022_2012,judgement_Crl.P.L.A.138-Q-2020,0.9995
C.A._1022_2012,judgement_Crl.P.L.A.1313-L-2021,0.9988
C.A._1022_2012,judgement_Crl.P.L.A.1392-2022,0.9991
C.A._1022_2012,judgement_Crl.P.L.A.1408-2025,0.9994
C.A._1022_2012,judgement_Crl.P.L.A.143-K-2020,0.9988
C.A._1022_2012,judgement_Crl.P.L.A.143-K-2021,0.9991
C.A._1022_2012,judgement_Crl.P.L.A.146-K-2021,0.9989
C.A._1022_2012,judgement_Crl.P.L.A.1359-2023,0.9988
C.A._1022_2012,judgement_Crl.P.L.A.149-L-2022,0.9989
C.A._1022_2012,judgement_Crl.P.L.A.15-2015,0.9986
C.A._1022_2012,judgement_Crl.P.L.A.150-L-2023,0.9993
C.A._1022_2012,judgement_Crl.P.L.A.1549-2021,0.9981
C.A._1022_2012,judgement_Crl.P.L.A.1557-2022,0.9991
C.A._1022_2012,judgement_Crl.P.L.A.1581-2021,0.999
C.A._1022_2012,judgement_Crl.P.L.A.147-K-2025,0.9989
C.A._1022_2012,judgement_Crl.P.L.A.1596-2021,0.9991
C.A._1022_2012,judgement_Crl.P.L.A.1612-2021,0.9987
C.A._1022_2012,judgement_Crl.P.L.A.1619-2022,0.9992
C.A._1022_2012,judgement_Crl.P.L.A.167-P-2021,0.9987
C.A._1022_2012,judgement_Crl.P.L.A.1617-2022,0.9991
C.A._1022_2012,judgement_Crl.A.599-2020,0.999
C.A._1022_2012,judgement_Crl.P.L.A.17-L-2018,0.999
C.A._1022_2012,judgement_Crl.P.L.A.170-2013,0.9987
C.A._1022_2012,judgement_Crl.P.L.A.1565-2024,0.9988
C.A._1022_2012,judgement_Crl.P.L.A.1720-2022,0.9991
C.A._1022_2012,judgement_Crl.P.L.A.188-P-2023,0.9988
C.A._1022_2012,judgement_Crl.P.L.A.183-P-2022,0.9989
C.A._1022_2012,judgement_Crl.P.L.A.1710-L-2017,0.9988
C.A._1022_2012,judgement_Crl.P.L.A.198-2016,0.9996
C.A._1022_2012,judgement_Crl.P.L.A.213-2013,0.9987
C.A._1022_2012,judgement_Crl.P.L.A.224-2017,0.9986
C.A._1022_2012,judgement_Crl.P.L.A.209-2018,0.9989
C.A._1022_2012,judgement_Crl.P.L.A.170-L-2025,0.9987
C.A._1022_2012,judgement_Crl.P.L.A.230-2016,0.994
C.A._1022_2012,judgement_Crl.P.L.A.219-P-2023,0.9991
C.A._1022_2012,judgement_Crl.P.L.A.245-2023,0.9991
C.A._1022_2012,judgement_Crl.P.L.A.280-2021,0.9989
C.A._1022_2012,judgement_Crl.P.L.A.275-2021,0.9993
C.A._1022_2012,judgement_Crl.P.L.A.294-L-2023,0.9991
C.A._1022_2012,judgement_Crl.P.L.A.263-2023,0.999
C.A._1022_2012,judgement_Crl.P.L.A.317-L-2023,0.9992
C.A._1022_2012,judgement_Crl.P.L.A.328-2023,0.9992
C.A._1022_2012,judgement_Crl.P.L.A.33-2021,0.9983
C.A._1022_2012,judgement_Crl.P.L.A.352-L-2022,0.9992
C.A._1022_2012,judgement_Crl.P.L.A.342-2018,0.9988
C.A._1022_2012,judgement_Crl.P.L.A.382-2016,0.9961
C.A._1022_2012,judgement_Crl.P.L.A.35-Q-2017,0.9988
C.A._1022_2012,judgement_Crl.P.L.A.390-L-2021,0.9987
C.A._1022_2012,judgement_Crl.P.L.A.41-K-2023,0.9989
C.A._1022_2012,judgement_Crl.P.L.A.406-2017,0.999
C.A._1022_2012,judgement_Crl.P.L.A.39-K-2025,0.9994
C.A._1022_2012,judgement_Crl.P.L.A.46-P-2016,0.9989
C.A._1022_2012,judgement_Crl.P.L.A.488-2015,0.9988
C.A._1022_2012,judgement_Crl.P.L.A.475-2022,0.9989
C.A._1022_2012,judgement_Crl.P.L.A.513-2021,0.999
C.A._1022_2012,judgement_Crl.P.L.A.476-L-2018,0.9989
C.A._1022_2012,judgement_Crl.P.L.A.519-2023,0.9995
C.A._1022_2012,judgement_Crl.P.L.A.527-2017,0.9986
C.A._1022_2012,judgement_Crl.P.L.A.562-2019,0.9985
C.A._1022_2012,judgement_Crl.P.L.A.490-2019,0.9992
C.A._1022_2012,judgement_Crl.P.L.A.55-2005,0.9988
C.A._1022_2012,judgement_Crl.P.L.A.585-2025,0.9987
C.A._1022_2012,judgement_Crl.P.L.A.604-2015,0.9986
C.A._1022_2012,judgement_Crl.P.L.A.596-L-2022,0.9989
C.A._1022_2012,judgement_Crl.P.L.A.611-L-2023,0.9992
C.A._1022_2012,judgement_Crl.P.L.A.62-L-2023,0.9992
C.A._1022_2012,judgement_Crl.P.L.A.58-K-2023,0.9988
C.A._1022_2012,judgement_Crl.P.L.A.687-2020,0.9989
C.A._1022_2012,judgement_Crl.P.L.A.623-2016,0.9947
C.A._1022_2012,judgement_Crl.P.L.A.692-2020,0.9987
C.A._1022_2012,judgement_Crl.P.L.A.630-2017,0.9932
C.A._1022_2012,judgement_Crl.P.L.A.701-2023,0.9991
C.A._1022_2012,judgement_Crl.P.L.A.426-2009,0.9989
C.A._1022_2012,judgement_Crl.P.L.A.714-2023,0.9991
C.A._1022_2012,judgement_Crl.P.L.A.634-2015,0.9988
C.A._1022_2012,judgement_Crl.P.L.A.717-2023,0.9991
C.A._1022_2012,judgement_Crl.P.L.A.73-P-2021,0.9988
C.A._1022_2012,judgement_Crl.P.L.A.724-2016,0.9941
C.A._1022_2012,judgement_Crl.P.L.A.748-2016,0.9952
C.A._1022_2012,judgement_Crl.P.L.A.762-2018,0.9991
C.A._1022_2012,judgement_Crl.P.L.A.789-2023,0.9992
C.A._1022_2012,judgement_Crl.P.L.A.733-L-2018,0.9989
C.A._1022_2012,judgement_Crl.P.L.A.888-2015,0.999
C.A._1022_2012,judgement_Crl.P.L.A.848-L-2002,0.9984
C.A._1022_2012,judgement_Crl.P.L.A.751-2017,0.9986
C.A._1022_2012,judgement_Crl.P.L.A.868-2025,0.9992
C.A._1022_2012,judgement_Crl.P.L.A.893-2020,0.999
C.A._1022_2012,judgement_Crl.P.L.A.9-P-2016,0.9909
C.A._1022_2012,judgement_Crl.P.L.A.90-K-2023,0.9991
C.A._1022_2012,judgement_Crl.P.L.A.92-K-2021,0.999
C.A._1022_2012,judgement_Crl.P.L.A.921-2023,0.9987
C.A._1022_2012,judgement_Crl.P.L.A.989-2021,0.9985
C.A._1022_2012,judgement_Crl.P.L.A.927-2016,0.9958
C.A._1022_2012,judgement_Crl.R.P.2-2024,0.9991
C.A._1022_2012,judgement_Crl.Sh.A.2-2018,0.9991
C.A._1022_2012,judgement_Crl.R.P.207-2016,0.9981
C.A._1022_2012,judgement_H.R.C.1037-P-2018,0.9981
C.A._1022_2012,judgement_H.R.C.14158-G-2016,0.999
C.A._1022_2012,judgement_H.R.C.12726-B-2020,0.9979
C.A._1022_2012,judgement_H.R.C.14392-2013,0.9987
C.A._1022_2012,judgement_H.R.C.12271-S-2010,0.9988
C.A._1022_2012,judgement_H.R.C.17842-2018,0.9978
C.A._1022_2012,judgement_CRL.SH.A.7-2011,0.9989
C.A._1022_2012,judgement_H.R.C.20171-B-2018,0.9986
C.A._1022_2012,judgement_H.R.C.318-1993,0.9979
C.A._1022_2012,judgement_H.R.C.20883-2018,0.9983
C.A._1022_2012,judgement_H.R.C.3677-E-2014,0.9991
C.A._1022_2012,judgement_H.R.C.4925-G-2014,0.9992
C.A._1022_2012,judgement_Crl.P.L.A.966-2018,0.9988
C.A._1022_2012,judgement_H.R.C.29388-K-2013,0.9987
C.A._1022_2012,judgement_H.R.C.57701-P-2010,0.9988
C.A._1022_2012,judgement_I.C.A.2-2023,0.999
C.A._1022_2012,judgement_I.C.A.3-2011,0.9985
C.A._1022_2012,judgement_I.C.A.1-2012,0.992
C.A._1022_2012,judgement_I.C.A.5-2023,0.9979
C.A._1022_2012,judgement_J.P.14-2016,0.9991
C.A._1022_2012,judgement_H.R.C.69229-P-2018,0.9988
C.A._1022_2012,judgement_J.P.148-2022,0.9986
C.A._1022_2012,judgement_I.C.A.7-2018,0.9988
C.A._1022_2012,judgement_J.P.169-2021,0.9987
C.A._1022_2012,judgement_J.P.201-2015,0.9992
C.A._1022_2012,judgement_J.P.255-2017,0.9987
C.A._1022_2012,judgement_J.P.206-2019,0.9988
C.A._1022_2012,judgement_J.P.217-2017,0.9989
C.A._1022_2012,judgement_CRL.O.P.89-2011,0.9989
C.A._1022_2012,judgement_J.P.276-2019,0.9988
C.A._1022_2012,judgement_J.P.255-2018,0.9989
C.A._1022_2012,judgement_J.P.286-2020,0.9986
C.A._1022_2012,judgement_J.P.417-2019,0.9984
C.A._1022_2012,judgement_H.R.C.8340-2009,0.9995
C.A._1022_2012,judgement_J.P.375-2019,0.9986
C.A._1022_2012,judgement_J.P.375-2023,0.9988
C.A._1022_2012,judgement_J.P.541-2021,0.9989
C.A._1022_2012,judgement_J.P.553-2017,0.9988
C.A._1022_2012,judgement_J.P.405-2021,0.9989
C.A._1022_2012,judgement_J.P.441-2019,0.9988
C.A._1022_2012,judgement_J.P.559-2017,0.9986
C.A._1022_2012,judgement_J.P.554-2023,0.9989
C.A._1022_2012,judgement_J.P.587-2016,0.9989
C.A._1022_2012,judgement_J.P.684-2016,0.9993
C.A._1022_2012,judgement_J.P.83-2021,0.9989
C.A._1022_2012,judgement_J.P.614-2021,0.9988
C.A._1022_2012,judgement_J.P.611-2022,0.9988
C.A._1022_2012,judgement_H.R.C.4668-2006,0.9988
C.A._1022_2012,judgement_J.P.883-2017,0.9988
C.A._1022_2012,judgement_Reference.1-2020,0.9984
C.A._1022_2012,judgement_Reference.1-2022,0.9989
C.A._1022_2012,judgement_R.P.46-2011,0.9989
C.A._1022_2012,judgement_J.P.56-2005,0.9988
C.A._1022_2012,judgement_S.M.C.01-2010,0.9979
C.A._1022_2012,judgement_S.M.C.1-2012,0.9982
C.A._1022_2012,judgement_Report128-K-2021,0.9987
C.A._1022_2012,judgement_S.M.C.1-2020,0.9986
C.A._1022_2012,judgement_Reference.1-2011,0.999
C.A._1022_2012,judgement_S.M.C.1-2023,0.9988
C.A._1022_2012,judgement_S.M.C.1-2022,0.9987
C.A._1022_2012,judgement_S.M.C.10-2018,0.9981
C.A._1022_2012,judgement_S.M.C.11-2005,0.9987
C.A._1022_2012,judgement_Reference.2-2022,0.9989
C.A._1022_2012,judgement_S.M.C.15-2015,0.9986
C.A._1022_2012,judgement_S.M.C.16-2011,0.9994
C.A._1022_2012,judgement_S.M.C.17-2016,0.9989
C.A._1022_2012,judgement_S.M.C.13-2016,0.9989
C.A._1022_2012,judgement_S.M.C.18-2010,0.9983
C.A._1022_2012,judgement_S.M.C.18-2011,0.9988
C.A._1022_2012,judgement_S.M.C.1-2014,0.9992
C.A._1022_2012,judgement_S.M.C.18-2016,0.9988
C.A._1022_2012,judgement_S.M.C.24-2010,0.9984
C.A._1022_2012,judgement_S.M.C.3-2022,0.9986
C.A._1022_2012,judgement_S.M.C.3-2014,0.9987
C.A._1022_2012,judgement_S.M.C.4-2021,0.9988
C.A._1022_2012,judgement_S.M.C.4-2022,0.9989
C.A._1022_2012,judgement_S.M.C.5-2012,0.9909
C.A._1022_2012,judgement_S.M.C.5-2010,0.9987
C.A._1022_2012,judgement_Reference.2-2005,0.9987
C.A._1022_2012,judgement_S.M.C.5-2021,0.9982
C.A._1022_2012,judgement_S.M.C.6-2014,0.9992
C.A._1022_2012,judgement_S.M.C.5-2018,0.9984
C.A._1022_2012,judgement_Supreme Judicial Council No. 242 of 2015,0.9989
C.A._1022_2012,judgement_S.M.C.11-2011,0.9989
C.A._1022_2012,judgement_REFERENCE.1-2012,0.9989
C.A._1022_2012,judgement_S.M.C.25-2009,0.9988
C.A._1125_2014,C.A._1022_2012,0.9979
C.A._1125_2014,C.A._1194_2014,0.9982
C.A._1125_2014,C.A._308_2014,0.9989
C.A._1125_2014,C.A._2133_2006,0.9987
C.A._1125_2014,C.A._340_2002,0.9986
C.A._1125_2014,C.A._697_2008,0.9983
C.A._1125_2014,C.A.194-P_2010,0.9986
C.A._1125_2014,C.A._424_2015,0.9987
C.A._1125_2014,C.P._689-L_2015,0.9985
C.A._1125_2014,ca.1038_2000,0.9985
C.A._1125_2014,C.A._870_2014,0.9987
C.A._1125_2014,C.P._130_2015,0.9981
C.A._1125_2014,cpla_784_2014,0.9969
C.A._1125_2014,C.A._861_2007,0.9986
C.A._1125_2014,cma_193-194_2013,0.9987
C.A._1125_2014,cps_853-876_2014,0.991
C.A._1125_2014,C.A._503_2006,0.9986
C.A._1125_2014,Crl.O.P.92of2013,0.9967
C.A._1125_2014,Crl.A._12-P_2011,0.9985
C.A._1125_2014,Crl.P._15_2015,0.9988
C.A._1125_2014,Crl.P._604_2015,0.9987
C.A._1125_2014,judgement_,0.9987
C.A._1125_2014,Crl.A._24_2010,0.9985
C.A._1125_2014,Crl.O.P.92of2013-dt-9-10-2013,0.9984
C.A._1125_2014,judgement_C.A.10-2021,0.9986
C.A._1125_2014,judgement_C.A.1000-2006,0.9984
C.A._1125_2014,judgement_C.A.10-K-2019,0.9984
C.A._1125_2014,judgement_C.A.10-Q-2021,0.9985
C.A._1125_2014,judgement_C.A.1000-2020,0.9984
C.A._1125_2014,judgement_C.A.101-2011,0.9985
C.A._1125_2014,judgement_C.A.101-K-2022,0.9986
C.A._1125_2014,const.p.6_2011_final,0.9983
C.A._1125_2014,judgement_C.A.1009-2010,0.9985
C.A._1125_2014,judgement_C.A.1011-2024,0.9983
C.A._1125_2014,judgement_C.A.1022-2012,0.9979
C.A._1125_2014,judgement_C.A.1002-2014,0.9981
C.A._1125_2014,judgement_C.A.1018-2016,0.9984
C.A._1125_2014,judgement_C.A.1038-2000,0.9985
C.A._1125_2014,judgement_C.A.1010-2020,0.9983
C.A._1125_2014,judgement_C.A.1046-2024,0.9981
C.A._1125_2014,judgement_C.A.1033-2014,0.9985
C.A._1125_2014,judgement_C.A.1042-2018,0.9986
C.A._1125_2014,judgement_C.A.1076-2019,0.9983
C.A._1125_2014,judgement_C.A.1109-2013,0.9971
C.A._1125_2014,judgement_C.A.1079-2015,0.9982
C.A._1125_2014,judgement_C.A.110-L-2013,0.9985
C.A._1125_2014,judgement_C.A.108-2015,0.9985
C.A._1125_2014,judgement_C.A.1125-2014,1.0
C.A._1125_2014,judgement_C.A.1122-2013,0.9982
C.A._1125_2014,judgement_C.A.1125-2007,0.9984
C.A._1125_2014,judgement_C.A.1132-2007,0.9986
C.A._1125_2014,judgement_C.A.1086-2009,0.9985
C.A._1125_2014,judgement_C.A.1149-2015,0.9984
C.A._1125_2014,judgement_C.A.1137-2008,0.9986
C.A._1125_2014,judgement_C.A.1167-2020,0.9985
C.A._1125_2014,judgement_C.A.1169-2014,0.9984
C.A._1125_2014,judgement_C.A.1194-2014,0.9982
C.A._1125_2014,judgement_C.A.1184-2011,0.9987
C.A._1125_2014,judgement_C.A.1171-2013,0.9982
C.A._1125_2014,judgement_C.A.1208-2011,0.9984
C.A._1125_2014,judgement_C.A.1207-2004,0.9984
C.A._1125_2014,judgement_C.A.1191-2016,0.9984
C.A._1125_2014,judgement_C.A.1213-2015,0.9979
C.A._1125_2014,judgement_C.A.1219-2014,0.9984
C.A._1125_2014,judgement_C.A.1241-2013,0.9987
C.A._1125_2014,judgement_C.A.1255-2012,0.9983
C.A._1125_2014,judgement_C.A.1286-2018,0.9983
C.A._1125_2014,judgement_C.A.1291-2005,0.9986
C.A._1125_2014,judgement_C.A.1340-2018,0.9979
C.A._1125_2014,judgement_C.A.1242-2013,0.9985
C.A._1125_2014,judgement_C.A.125-K-2016,0.9984
C.A._1125_2014,judgement_C.A.134-P-2013,0.9986
C.A._1125_2014,judgement_C.A.1388-2017,0.9986
C.A._1125_2014,judgement_C.A.1359-2014,0.9984
C.A._1125_2014,judgement_C.A.1355-2006,0.9985
C.A._1125_2014,judgement_C.A.1428-2015,0.9983
C.A._1125_2014,judgement_C.A.1113-2017,0.9987
C.A._1125_2014,judgement_C.A.139-2013,0.9983
C.A._1125_2014,judgement_C.A.14-L-2013,0.9984
C.A._1125_2014,judgement_C.A.1460-2013,0.9983
C.A._1125_2014,judgement_C.A.140-L-2015,0.9985
C.A._1125_2014,judgement_C.A.1496-2019,0.9988
C.A._1125_2014,judgement_C.A.1519-2013,0.9986
C.A._1125_2014,judgement_C.A.1491-2013,0.9979
C.A._1125_2014,judgement_C.A.1525-2016,0.9986
C.A._1125_2014,judgement_C.A.149-2010,0.9986
C.A._1125_2014,judgement_C.A.150-2006,0.9986
C.A._1125_2014,judgement_C.A.1540-2006,0.9983
C.A._1125_2014,judgement_C.A.1546-2019,0.9985
C.A._1125_2014,judgement_C.A.1562-2020,0.9985
C.A._1125_2014,judgement_C.A.1595-2019,0.9987
C.A._1125_2014,judgement_C.A.1560-2008,0.9984
C.A._1125_2014,judgement_C.A.157-K-2016,0.9982
C.A._1125_2014,judgement_C.A.1612-2018,0.9983
C.A._1125_2014,judgement_C.A.16-2010,0.9982
C.A._1125_2014,judgement_C.A.1600-2006,0.9985
C.A._1125_2014,judgement_C.A.1628-2014,0.9983
C.A._1125_2014,judgement_C.A.1618-2019,0.9987
C.A._1125_2014,judgement_C.A.1547-2019,0.9985
C.A._1125_2014,judgement_C.A.167-Q-2005,0.9983
C.A._1125_2014,judgement_C.A.1671-2021,0.9984
C.A._1125_2014,judgement_C.A.1646-2000,0.9985
C.A._1125_2014,judgement_C.A.1793-2016,0.9983
C.A._1125_2014,judgement_C.A.1767-2019,0.9983
C.A._1125_2014,judgement_C.A.180-2015,0.9985
C.A._1125_2014,judgement_C.A.1797-2005,0.9983
C.A._1125_2014,judgement_C.A.185-2015,0.9983
C.A._1125_2014,judgement_C.A.185-L-2015,0.9983
C.A._1125_2014,judgement_C.A.1476-2018,0.9986
C.A._1125_2014,judgement_C.A.176-2015,0.9983
C.A._1125_2014,judgement_C.A.194-P-2010,0.9986
C.A._1125_2014,judgement_C.A.1772-2008,0.9985
C.A._1125_2014,judgement_C.A.1890-2002,0.9984
C.A._1125_2014,judgement_C.A.196-P-2014,0.9983
C.A._1125_2014,judgement_C.A.2013-2022,0.9985
C.A._1125_2014,judgement_C.A.194-2015,0.9982
C.A._1125_2014,judgement_C.A.2084-2016,0.9983
C.A._1125_2014,judgement_C.A.209-2025,0.9987
C.A._1125_2014,judgement_C.A.219-L-2015,0.9899
C.A._1125_2014,judgement_C.A.2133-2006,0.9987
C.A._1125_2014,judgement_C.A.204-L-2015,0.9979
C.A._1125_2014,judgement_C.A.212-2011,0.9982
C.A._1125_2014,judgement_C.A.221-2018,0.9983
C.A._1125_2014,judgement_C.A.2109-2016,0.9983
C.A._1125_2014,judgement_C.A.226-P-2018,0.9983
C.A._1125_2014,judgement_C.A.23-P-2017,0.9982
C.A._1125_2014,judgement_C.A.2206-2005,0.9985
C.A._1125_2014,judgement_C.A.231-2020,0.9985
C.A._1125_2014,judgement_C.A.239-2020,0.9986
C.A._1125_2014,judgement_C.A.232-2020,0.9985
C.A._1125_2014,judgement_C.A.25-K-2018,0.9982
C.A._1125_2014,judgement_C.A.248-P-2010,0.9982
C.A._1125_2014,judgement_C.A.251-2015,0.9983
C.A._1125_2014,judgement_C.A.24-K-2019,0.9985
C.A._1125_2014,judgement_C.A.2619-2016,0.9983
C.A._1125_2014,judgement_C.A.2755-2006,0.9985
C.A._1125_2014,judgement_C.A.288-2013,0.9984
C.A._1125_2014,judgement_C.A.224-2003,0.9988
C.A._1125_2014,judgement_C.A.297-2014,0.9983
C.A._1125_2014,judgement_C.A.308-2014,0.9989
C.A._1125_2014,judgement_C.A.269-2011,0.9984
C.A._1125_2014,judgement_C.A.294-2015,0.9983
C.A._1125_2014,judgement_C.A.319-2014,0.9982
C.A._1125_2014,judgement_C.A.284-2017,0.9985
C.A._1125_2014,judgement_C.A.321-L-2014,0.9985
C.A._1125_2014,Const.P.127of2012,0.9985
C.A._1125_2014,judgement_C.A.322-2018,0.9987
C.A._1125_2014,judgement_C.A.32-K-2018,0.9985
C.A._1125_2014,judgement_C.A.315-2022,0.9982
C.A._1125_2014,judgement_C.A.340-2002,0.9986
C.A._1125_2014,judgement_C.A.3-2018,0.9986
C.A._1125_2014,judgement_C.A.333-2024,0.9986
C.A._1125_2014,judgement_C.A.326-L-2020,0.9984
C.A._1125_2014,judgement_C.A.346-2020,0.9984
C.A._1125_2014,judgement_C.A.342-2014,0.9984
C.A._1125_2014,judgement_C.A.339-2016,0.9981
C.A._1125_2014,judgement_C.A.368-2011,0.9982
C.A._1125_2014,judgement_C.A.370-2020,0.9983
C.A._1125_2014,judgement_C.A.38-2014,0.9982
C.A._1125_2014,judgement_C.A.363-L-2015,0.9984
C.A._1125_2014,judgement_C.A.364-P-2019,0.9986
C.A._1125_2014,judgement_C.A.383-2013,0.9985
C.A._1125_2014,judgement_C.A.353-2015,0.9982
C.A._1125_2014,judgement_C.A.40-2021,0.9987
C.A._1125_2014,judgement_C.A.394-2014,0.9985
C.A._1125_2014,judgement_C.A.401-2015,0.9981
C.A._1125_2014,judgement_C.A.404-2011,0.9986
C.A._1125_2014,judgement_C.A.371-2020,0.9986
C.A._1125_2014,judgement_C.A.359-2013,0.9984
C.A._1125_2014,judgement_C.A.384-2014,0.9985
C.A._1125_2014,judgement_C.A.407-2013,0.9984
C.A._1125_2014,judgement_C.A.427-2013,0.9985
C.A._1125_2014,judgement_C.A.441-2021,0.9984
C.A._1125_2014,judgement_C.A.424-2015,0.9987
C.A._1125_2014,judgement_C.A.443-2021,0.9982
C.A._1125_2014,judgement_C.A.411-2013,0.9983
C.A._1125_2014,judgement_C.A.45-L-2018,0.9984
C.A._1125_2014,judgement_C.A.421-2018,0.9986
C.A._1125_2014,judgement_C.A.482-2014,0.9982
C.A._1125_2014,judgement_C.A.451-2017,0.9984
C.A._1125_2014,judgement_C.A.485-2020,0.9985
C.A._1125_2014,judgement_C.A.49-2015,0.9983
C.A._1125_2014,judgement_C.A.51-2011,0.9984
C.A._1125_2014,judgement_C.A.39-2010,0.9985
C.A._1125_2014,judgement_C.A.468-2010,0.9983
C.A._1125_2014,judgement_C.A.525-2013,0.9984
C.A._1125_2014,judgement_C.A.503-2006,0.9986
C.A._1125_2014,judgement_C.A.506-2011,0.9984
C.A._1125_2014,judgement_C.A.528-L-2012,0.9986
C.A._1125_2014,judgement_C.A.540-2021,0.9986
C.A._1125_2014,judgement_C.A.535-2015,0.9983
C.A._1125_2014,judgement_C.A.527-2020,0.9985
C.A._1125_2014,judgement_C.A.53-2015,0.9986
C.A._1125_2014,judgement_C.A.551-2020,0.9985
C.A._1125_2014,judgement_C.A.491-2012,0.9987
C.A._1125_2014,judgement_C.A.550-2020,0.9987
C.A._1125_2014,judgement_C.A.561-2020,0.9986
C.A._1125_2014,judgement_C.A.579-2021,0.9984
C.A._1125_2014,judgement_C.A.587-2017,0.9983
C.A._1125_2014,judgement_C.A.513-2014,0.9986
C.A._1125_2014,judgement_C.A.56-2011,0.9984
C.A._1125_2014,judgement_C.A.605-2015,0.9982
C.A._1125_2014,judgement_C.A.545-2015,0.9983
C.A._1125_2014,judgement_C.A.588-2017,0.9982
C.A._1125_2014,judgement_C.A.6-2016,0.9988
C.A._1125_2014,judgement_C.A.579-L-2012,0.9983
C.A._1125_2014,judgement_C.A.613-2014,0.9984
C.A._1125_2014,judgement_C.A.601-2019,0.9983
C.A._1125_2014,judgement_C.A.607-2021,0.9984
C.A._1125_2014,judgement_C.A.634-2014,0.9985
C.A._1125_2014,judgement_C.A.653-2014,0.9982
C.A._1125_2014,judgement_C.A.616-2006,0.9984
C.A._1125_2014,judgement_C.A.681-2020,0.9985
C.A._1125_2014,judgement_C.A.654-2021,0.9985
C.A._1125_2014,judgement_C.A.639-2014,0.9982
C.A._1125_2014,judgement_C.A.697-2008,0.9983
C.A._1125_2014,judgement_C.A.634-L-2012,0.998
C.A._1125_2014,judgement_C.A.704-2017,0.9983
C.A._1125_2014,judgement_C.A.668-2022,0.9984
C.A._1125_2014,judgement_C.A.694-2008,0.9984
C.A._1125_2014,judgement_C.A.718-2007,0.9986
C.A._1125_2014,judgement_C.A.654-2010,0.9985
C.A._1125_2014,judgement_C.A.723-2013,0.9985
C.A._1125_2014,judgement_C.A.710-2014,0.9985
C.A._1125_2014,judgement_C.A.754-2020,0.9986
C.A._1125_2014,judgement_C.A.760-2016,0.9987
C.A._1125_2014,judgement_C.A.756-2021,0.9987
C.A._1125_2014,judgement_C.A.749-2021,0.9987
C.A._1125_2014,judgement_C.A.785-2017,0.9941
C.A._1125_2014,judgement_C.A.786-2017,0.9941
C.A._1125_2014,judgement_C.A.731-2016,0.9987
C.A._1125_2014,judgement_C.A.77-2015,0.9986
C.A._1125_2014,judgement_C.A.774-2013,0.9982
C.A._1125_2014,judgement_C.A.749-2013,0.9986
C.A._1125_2014,judgement_C.A.799-2021,0.9985
C.A._1125_2014,judgement_C.A.799-2007,0.9987
C.A._1125_2014,judgement_C.A.794-2006,0.9983
C.A._1125_2014,judgement_C.A.8-L-2009,0.9982
C.A._1125_2014,judgement_C.A.82-K-2015,0.9986
C.A._1125_2014,judgement_C.A.825-2015,0.998
C.A._1125_2014,judgement_C.A.826-2016,0.9982
C.A._1125_2014,judgement_C.A.835-2021,0.9986
C.A._1125_2014,judgement_C.A.837-2011,0.9984
C.A._1125_2014,judgement_C.A.837-2015,0.9988
C.A._1125_2014,judgement_C.A.840-2017,0.9984
C.A._1125_2014,judgement_C.A.842-2024,0.9986
C.A._1125_2014,judgement_C.A.803-2016,0.9985
C.A._1125_2014,judgement_C.A.843-2012,0.9974
C.A._1125_2014,judgement_C.A.815-2016,0.9969
C.A._1125_2014,judgement_C.A.845-2010,0.9985
C.A._1125_2014,judgement_C.A.861-2007,0.9986
C.A._1125_2014,judgement_C.A.886-2014,0.9984
C.A._1125_2014,judgement_C.A.800-L-2013,0.9985
C.A._1125_2014,judgement_C.A.904-2013,0.9938
C.A._1125_2014,judgement_C.A.870-2014,0.9987
C.A._1125_2014,judgement_C.A.931-2020,0.9986
C.A._1125_2014,judgement_C.A.908-2012,0.9986
C.A._1125_2014,judgement_C.A.925-2020,0.9983
C.A._1125_2014,judgement_C.A.960-2017,0.9983
C.A._1125_2014,judgement_C.A.97-2021,0.9986
C.A._1125_2014,judgement_C.A.970-2003,0.9985
C.A._1125_2014,judgement_C.A.946-2014,0.9983
C.A._1125_2014,judgement_C.A.981-2018,0.9985
C.A._1125_2014,judgement_C.A.985-2020,0.9985
C.A._1125_2014,judgement_C.M.A.10566-2023,0.9986
C.A._1125_2014,judgement_C.A.982-2018,0.9977
C.A._1125_2014,judgement_C.M.A.10618-2018,0.9978
C.A._1125_2014,judgement_C.A.97-2003,0.9985
C.A._1125_2014,judgement_C.A.997-2010,0.9986
C.A._1125_2014,judgement_C.M.A.1652-2013,0.9981
C.A._1125_2014,judgement_C.M.A.1656-2015,0.9986
C.A._1125_2014,judgement_C.M.A.1674-2013,0.9985
C.A._1125_2014,judgement_C.M.A.193-2013,0.9987
C.A._1125_2014,judgement_C.M.A.204-2017,0.9983
C.A._1125_2014,judgement_C.M.A.2012-2023,0.9971
C.A._1125_2014,judgement_C.M.A.209-K-2014,0.9986
C.A._1125_2014,judgement_C.M.A.2376-2013,0.9968
C.A._1125_2014,judgement_C.M.A.2371-2012,0.9985
C.A._1125_2014,judgement_C.M.A.2380-2013,0.9973
C.A._1125_2014,judgement_C.M.A.1145-K-2013,0.9985
C.A._1125_2014,judgement_C.M.A.284-2021,0.9986
C.A._1125_2014,judgement_C.M.A.2769-2023,0.9982
C.A._1125_2014,judgement_C.M.A.290-2012,0.9981
C.A._1125_2014,judgement_C.M.A.2939-2017,0.9981
C.A._1125_2014,judgement_C.M.A.1243-2021,0.9984
C.A._1125_2014,judgement_C.M.A.2915-2013,0.9986
C.A._1125_2014,judgement_C.M.A.2943-2014,0.9988
C.A._1125_2014,judgement_C.M.A.2981-2010,0.9982
C.A._1125_2014,judgement_C.M.A.3325-2012,0.9984
C.A._1125_2014,judgement_C.M.A.3393-2013,0.9984
C.A._1125_2014,judgement_C.M.A.3470-2013,0.998
C.A._1125_2014,judgement_C.M.A.376-K-2016,0.9986
C.A._1125_2014,judgement_C.M.A.3685-2012,0.9985
C.A._1125_2014,judgement_C.A.876-2005,0.9985
C.A._1125_2014,judgement_C.M.A.3986-2017,0.9979
C.A._1125_2014,judgement_C.M.A.3221-2012,0.9984
C.A._1125_2014,judgement_C.A.792-2005,0.9981
C.A._1125_2014,judgement_C.M.A.4109-2015,0.9965
C.A._1125_2014,judgement_C.M.A.4581-2013,0.9979
C.A._1125_2014,judgement_C.M.A.4671-2012,0.9985
C.A._1125_2014,judgement_C.M.A.4821-2018,0.9983
C.A._1125_2014,judgement_C.M.A.490-2021,0.9982
C.A._1125_2014,judgement_C.M.A.4053-2018,0.9985
C.A._1125_2014,judgement_C.M.A.5216-2012,0.9983
C.A._1125_2014,judgement_C.M.A.5602-2021,0.9976
C.A._1125_2014,judgement_C.M.A.6309-2018,0.9985
C.A._1125_2014,judgement_C.M.A.4918-2012,0.9982
C.A._1125_2014,judgement_C.M.A.6155-2018,0.9983
C.A._1125_2014,judgement_C.M.A.64-2013,0.9979
C.A._1125_2014,judgement_C.M.A.7546-2013,0.9957
C.A._1125_2014,judgement_C.M.A.7679-2013,0.998
C.A._1125_2014,judgement_C.M.A.7139-2019,0.9985
C.A._1125_2014,judgement_C.M.A.3932-2023,0.9985
C.A._1125_2014,judgement_C.M.A.7084-2020,0.9982
C.A._1125_2014,judgement_C.M.A.908-2014,0.9987
C.A._1125_2014,judgement_C.M.APPEAL.1-2012,0.9984
C.A._1125_2014,judgement_C.M.Appeal.89-2024,0.9982
C.A._1125_2014,judgement_C.P.1-2013,0.9956
C.A._1125_2014,judgement_C.M.A.687-2017,0.9979
C.A._1125_2014,judgement_C.P.126-2012,0.9987
C.A._1125_2014,judgement_C.M.A.7923-2019,0.9982
C.A._1125_2014,judgement_C.P.105-2012,0.9984
C.A._1125_2014,judgement_C.P.14-2023,0.9984
C.A._1125_2014,judgement_C.P.2-2024,0.9978
C.A._1125_2014,judgement_C.P.11-2010,0.9974
C.A._1125_2014,judgement_C.P.21-2022,0.9973
C.A._1125_2014,judgement_C.P.20-2009,0.9961
C.A._1125_2014,judgement_C.P.10-2019,0.9983
C.A._1125_2014,judgement_C.P.22-2009,0.9983
C.A._1125_2014,judgement_C.M.A.2745-2009,0.9984
C.A._1125_2014,judgement_C.P.24-2023,0.9983
C.A._1125_2014,judgement_C.P.26-2013,0.9984
C.A._1125_2014,judgement_C.P.26-2016,0.9981
C.A._1125_2014,judgement_C.P.29-2011,0.9983
C.A._1125_2014,judgement_C.P.29-2016,0.9975
C.A._1125_2014,judgement_C.P.3-2011,0.9985
C.A._1125_2014,judgement_C.P.24-2017,0.9985
C.A._1125_2014,judgement_C.P.17-2019,0.9984
C.A._1125_2014,judgement_C.P.32-2013,0.9982
C.A._1125_2014,judgement_C.P.33-2005,0.9982
C.A._1125_2014,judgement_C.P.35-2013,0.9987
C.A._1125_2014,judgement_C.P.33-2013,0.9985
C.A._1125_2014,judgement_C.P.31-2011,0.9981
C.A._1125_2014,judgement_C.P.36-2005,0.9986
C.A._1125_2014,judgement_C.P.29-2017,0.9985
C.A._1125_2014,judgement_C.P.21-2023,0.9984
C.A._1125_2014,judgement_C.P.39-2019,0.9984
C.A._1125_2014,judgement_C.P.39-2007,0.9975
C.A._1125_2014,judgement_C.P.40-2012,0.9939
C.A._1125_2014,judgement_C.P.42-2011,0.9955
C.A._1125_2014,judgement_C.P.46-2010,0.9983
C.A._1125_2014,judgement_C.P.39-2016,0.9984
C.A._1125_2014,judgement_C.P.48-2019,0.9983
C.A._1125_2014,judgement_C.P.5-2023,0.9986
C.A._1125_2014,judgement_C.P.5-2024,0.9982
C.A._1125_2014,judgement_C.P.5-2011,0.9984
C.A._1125_2014,judgement_C.P.58-2010,0.9987
C.A._1125_2014,judgement_C.P.38-2016,0.9983
C.A._1125_2014,judgement_C.P.6-2023,0.9974
C.A._1125_2014,judgement_C.P.5-2012,0.9986
C.A._1125_2014,judgement_C.P.6-2011,0.9983
C.A._1125_2014,judgement_C.P.7-2024,0.9985
C.A._1125_2014,judgement_C.P.59-2011,0.9985
C.A._1125_2014,judgement_C.P.73-2011,0.9986
C.A._1125_2014,judgement_C.P.5-2004,0.996
C.A._1125_2014,judgement_C.P.72-2015,0.9984
C.A._1125_2014,judgement_C.P.77-2010,0.9982
C.A._1125_2014,judgement_C.P.77-2012,0.9925
C.A._1125_2014,judgement_C.P.60-2010,0.9984
C.A._1125_2014,judgement_C.P.9-2005,0.9985
C.A._1125_2014,judgement_C.P.76-2018,0.9981
C.A._1125_2014,judgement_C.P.9-2023,0.9983
C.A._1125_2014,judgement_C.P.9-2009,0.9985
C.A._1125_2014,judgement_C.P.9-2010,0.9986
C.A._1125_2014,judgement_C.P.97-2014,0.9986
C.A._1125_2014,judgement_C.P.L.A.100-Q-2023,0.9983
C.A._1125_2014,judgement_C.P.L.A.1002-2025,0.9983
C.A._1125_2014,judgement_C.P.9-2014,0.9988
C.A._1125_2014,judgement_C.P.91-2011,0.9985
C.A._1125_2014,judgement_C.P.L.A.1049-2009,0.9986
C.A._1125_2014,judgement_C.P.L.A.1088-2016,0.9984
C.A._1125_2014,judgement_C.P.L.A.1032-K-2025,0.9985
C.A._1125_2014,judgement_C.P.L.A.1097-L-2004,0.9985
C.A._1125_2014,judgement_C.P.L.A.110-2023,0.9987
C.A._1125_2014,judgement_C.P.L.A.1092-2018,0.9985
C.A._1125_2014,judgement_C.P.L.A.1124-K-2023,0.9983
C.A._1125_2014,judgement_C.P.L.A.1017-L-2011,0.9983
C.A._1125_2014,judgement_C.P.L.A.1165-2021,0.9985
C.A._1125_2014,judgement_C.P.L.A.1181-L-2016,0.9985
C.A._1125_2014,judgement_C.P.L.A.1171-2021,0.9983
C.A._1125_2014,judgement_C.P.9-2006,0.9984
C.A._1125_2014,judgement_C.P.L.A.1107-L-2015,0.9984
C.A._1125_2014,judgement_C.P.L.A.1191-2017,0.9982
C.A._1125_2014,judgement_C.P.L.A.1368-K-2023,0.9982
C.A._1125_2014,judgement_C.P.L.A.1340-2014,0.9984
C.A._1125_2014,judgement_C.P.L.A.130-2015,0.9981
C.A._1125_2014,judgement_C.P.L.A.1378-L-2013,0.9981
C.A._1125_2014,judgement_C.P.L.A.1193-2020,0.9988
C.A._1125_2014,judgement_C.P.L.A.146-P-2015,0.9984
C.A._1125_2014,judgement_C.P.L.A.147-K-2023,0.9985
C.A._1125_2014,judgement_C.P.L.A.1444-2019,0.9978
C.A._1125_2014,judgement_C.P.L.A.1472-2013,0.9987
C.A._1125_2014,judgement_C.P.L.A.1369-L-2019,0.9986
C.A._1125_2014,judgement_C.P.L.A.1499-L-2012,0.9981
C.A._1125_2014,judgement_C.P.L.A.1515-2016,0.9862
C.A._1125_2014,judgement_C.P.L.A.1532-L-2005,0.9984
C.A._1125_2014,judgement_C.P.L.A.1542-2017,0.9985
C.A._1125_2014,judgement_C.P.L.A.1503-2022,0.998
C.A._1125_2014,judgement_C.P.L.A.159-P-2014,0.9985
C.A._1125_2014,judgement_C.P.L.A.1575-2024,0.9983
C.A._1125_2014,judgement_C.P.L.A.1646-L-2014,0.9986
C.A._1125_2014,judgement_C.P.L.A.1662-2016,0.9984
C.A._1125_2014,judgement_C.P.L.A.1684-2025,0.9982
C.A._1125_2014,judgement_C.P.L.A.1598-2016,0.9984
C.A._1125_2014,judgement_C.P.L.A.173-2017,0.9983
C.A._1125_2014,judgement_C.P.L.A.1569-L-2005,0.9986
C.A._1125_2014,judgement_C.P.L.A.173-Q-2023,0.9983
C.A._1125_2014,judgement_C.P.L.A.1702-2015,0.9983
C.A._1125_2014,judgement_C.P.L.A.1700-2011,0.9986
C.A._1125_2014,judgement_C.P.L.A.18-P-2021,0.9985
C.A._1125_2014,judgement_C.P.L.A.1800-2015,0.9835
C.A._1125_2014,judgement_C.P.L.A.1774-2014,0.9985
C.A._1125_2014,judgement_C.P.L.A.1841-2025,0.9984
C.A._1125_2014,judgement_C.P.L.A.182-2025,0.9984
C.A._1125_2014,judgement_C.P.127-2012,0.9985
C.A._1125_2014,judgement_C.P.L.A.1774-2015,0.9985
C.A._1125_2014,judgement_C.P.L.A.187-Q-2024,0.9983
C.A._1125_2014,judgement_C.P.L.A.1882-2016,0.9984
C.A._1125_2014,judgement_C.P.L.A.1925-2020,0.9985
C.A._1125_2014,judgement_C.P.L.A.1925-2024,0.9986
C.A._1125_2014,judgement_C.P.L.A.1974-L-2020,0.9984
C.A._1125_2014,judgement_C.P.L.A.1866-L-2023,0.9986
C.A._1125_2014,judgement_C.P.L.A.2117-2016,0.9983
C.A._1125_2014,judgement_C.P.L.A.1573-2024,0.9984
C.A._1125_2014,judgement_C.P.L.A.1965-2019,0.9984
C.A._1125_2014,judgement_C.P.L.A.2066-2013,0.9986
C.A._1125_2014,judgement_C.P.L.A.2144-2016,0.9984
C.A._1125_2014,judgement_C.P.L.A.2108-2018,0.9987
C.A._1125_2014,judgement_C.P.L.A.2124-2013,0.9986
C.A._1125_2014,judgement_C.P.L.A.22-Q-2020,0.9982
C.A._1125_2014,judgement_C.P.L.A.223-P-2012,0.9983
C.A._1125_2014,judgement_C.P.L.A.225-P-2023,0.9979
C.A._1125_2014,judgement_C.P.L.A.2167-2014,0.9985
C.A._1125_2014,judgement_C.P.L.A.2242-2022,0.9984
C.A._1125_2014,judgement_C.P.L.A.2255-2010,0.9984
C.A._1125_2014,judgement_C.P.L.A.2293-L-2016,0.9987
C.A._1125_2014,judgement_C.P.L.A.2280-2015,0.9899
C.A._1125_2014,judgement_C.P.L.A.2093-2015,0.9986
C.A._1125_2014,judgement_C.P.L.A.2222-2016,0.9982
C.A._1125_2014,judgement_C.P.L.A.2330-L-2019,0.9984
C.A._1125_2014,judgement_C.P.L.A.2313-2024,0.9981
C.A._1125_2014,judgement_C.P.L.A.2305-L-2016,0.9983
C.A._1125_2014,judgement_C.P.L.A.2408-L-2009,0.9984
C.A._1125_2014,judgement_C.P.L.A.2420-2015,0.9985
C.A._1125_2014,judgement_C.P.L.A.2379-2016,0.9986
C.A._1125_2014,judgement_C.P.L.A.2338-L-2017,0.9982
C.A._1125_2014,judgement_C.P.L.A.2411-2014,0.9983
C.A._1125_2014,judgement_C.P.L.A.25-Q-2014,0.9983
C.A._1125_2014,judgement_C.P.L.A.2547-2023,0.9984
C.A._1125_2014,judgement_C.P.L.A.2522-2024,0.9985
C.A._1125_2014,judgement_C.P.L.A.2515-2015,0.9984
C.A._1125_2014,judgement_C.P.L.A.2555-2022,0.9983
C.A._1125_2014,judgement_C.P.L.A.258-2017,0.998
C.A._1125_2014,judgement_C.P.L.A.2532-2015,0.9979
C.A._1125_2014,judgement_C.P.L.A.2580-2020,0.9982
C.A._1125_2014,judgement_C.P.L.A.264-P-2010,0.9983
C.A._1125_2014,judgement_C.P.L.A.2594-2020,0.9984
C.A._1125_2014,judgement_C.P.L.A.272-2016,0.9862
C.A._1125_2014,judgement_C.P.L.A.2734-L-2023,0.9983
C.A._1125_2014,judgement_C.P.L.A.275-2016,0.9983
C.A._1125_2014,judgement_C.P.L.A.2669-2016,0.9987
C.A._1125_2014,judgement_C.P.L.A.2814-2018,0.9987
C.A._1125_2014,judgement_C.P.L.A.284-P-2012,0.9985
C.A._1125_2014,judgement_C.P.L.A.2788-2022,0.9981
C.A._1125_2014,judgement_C.P.L.A.288-P-2015,0.9986
C.A._1125_2014,judgement_C.P.L.A.281-K-2022,0.9983
C.A._1125_2014,judgement_C.P.L.A.2902-2018,0.9987
C.A._1125_2014,judgement_C.P.L.A.287-P-2016,0.9983
C.A._1125_2014,judgement_C.P.L.A.290-K-2024,0.9983
C.A._1125_2014,judgement_C.P.L.A.304-2022,0.9985
C.A._1125_2014,judgement_C.P.L.A.3-K-2023,0.9984
C.A._1125_2014,judgement_C.P.L.A.3097-2015,0.9985
C.A._1125_2014,judgement_C.P.L.A.3078-2016,0.9977
C.A._1125_2014,judgement_C.P.L.A.3041-2020,0.9986
C.A._1125_2014,judgement_C.P.L.A.2916-2019,0.9985
C.A._1125_2014,judgement_C.P.L.A.319-2016,0.9893
C.A._1125_2014,judgement_C.P.L.A.3181-2015,0.9986
C.A._1125_2014,judgement_C.P.L.A.3148-2020,0.9983
C.A._1125_2014,judgement_C.P.L.A.3282-L-2022,0.9975
C.A._1125_2014,judgement_C.P.L.A.3228-2015,0.9983
C.A._1125_2014,judgement_C.P.L.A.3287-2019,0.9984
C.A._1125_2014,judgement_C.P.L.A.3317-2018,0.999
C.A._1125_2014,judgement_C.P.L.A.3381-2024,0.9985
C.A._1125_2014,judgement_C.P.L.A.3367-2018,0.998
C.A._1125_2014,judgement_C.P.L.A.331-P-2014,0.9985
C.A._1125_2014,judgement_C.P.L.A.3186-2015,0.9984
C.A._1125_2014,judgement_C.P.L.A.3131-2017,0.9985
C.A._1125_2014,judgement_C.P.L.A.339-K-2017,0.9987
C.A._1125_2014,judgement_C.P.L.A.2243-L-2019,0.998
C.A._1125_2014,judgement_C.P.L.A.3451-2015,0.9983
C.A._1125_2014,judgement_C.P.L.A.339-L-2023,0.9986
C.A._1125_2014,judgement_C.P.L.A.3463-2021,0.9984
C.A._1125_2014,judgement_C.P.L.A.3520-2020,0.9982
C.A._1125_2014,judgement_C.P.L.A.3575-2020,0.9983
C.A._1125_2014,judgement_C.P.L.A.357-2016,0.9984
C.A._1125_2014,judgement_C.P.L.A.3460-2015,0.9986
C.A._1125_2014,judgement_C.P.L.A.3532-2023,0.9931
C.A._1125_2014,judgement_C.P.L.A.3413-2017,0.9984
C.A._1125_2014,judgement_C.P.L.A.3752-2018,0.9987
C.A._1125_2014,judgement_C.P.L.A.3589-2022,0.9983
C.A._1125_2014,judgement_C.P.L.A.3729-2015,0.9981
C.A._1125_2014,judgement_C.P.L.A.378-L-2004,0.9985
C.A._1125_2014,judgement_C.P.L.A.3587-2020,0.9984
C.A._1125_2014,judgement_C.P.L.A.3597-L-2023,0.9982
C.A._1125_2014,judgement_C.P.L.A.380-2014,0.9945
C.A._1125_2014,judgement_C.P.L.A.3795-2021,0.9983
C.A._1125_2014,judgement_C.P.L.A.3811-2019,0.9983
C.A._1125_2014,judgement_C.P.L.A.3772-2019,0.9986
C.A._1125_2014,judgement_C.P.L.A.381-K-2019,0.9986
C.A._1125_2014,judgement_C.P.L.A.385-L-2021,0.9983
C.A._1125_2014,judgement_C.P.L.A.3718-2023,0.9984
C.A._1125_2014,judgement_C.P.L.A.396-2017,0.9987
C.A._1125_2014,judgement_C.P.L.A.3952-2019,0.9987
C.A._1125_2014,judgement_C.P.L.A.3950-2019,0.9984
C.A._1125_2014,judgement_C.P.L.A.3923-2016,0.9985
C.A._1125_2014,judgement_C.P.L.A.3988-2022,0.9986
C.A._1125_2014,judgement_C.P.L.A.42-2024,0.998
C.A._1125_2014,judgement_C.P.L.A.4365-2023,0.9985
C.A._1125_2014,judgement_C.P.L.A.407-K-2021,0.9985
C.A._1125_2014,judgement_C.P.L.A.4522-2023,0.9987
C.A._1125_2014,judgement_C.P.L.A.449-2019,0.9981
C.A._1125_2014,judgement_C.P.L.A.4-K-2025,0.9987
C.A._1125_2014,judgement_C.P.L.A.44-2022,0.9984
C.A._1125_2014,judgement_C.P.L.A.4576-2023,0.9984
C.A._1125_2014,judgement_C.P.L.A.4740-2017,0.9983
C.A._1125_2014,judgement_C.P.L.A.4703-2017,0.9986
C.A._1125_2014,judgement_C.P.L.A.4889-2018,0.9984
C.A._1125_2014,judgement_C.P.L.A.45-2015,0.9929
C.A._1125_2014,judgement_C.P.L.A.4862-2018,0.9985
C.A._1125_2014,judgement_C.P.L.A.4570-2019,0.9985
C.A._1125_2014,judgement_C.P.L.A.509-P-2012,0.9983
C.A._1125_2014,judgement_C.P.L.A.524-P-2015,0.9987
C.A._1125_2014,judgement_C.P.L.A.512-2022,0.9982
C.A._1125_2014,judgement_C.P.L.A.4963-2018,0.9985
C.A._1125_2014,judgement_C.P.L.A.510-2019,0.9983
C.A._1125_2014,judgement_C.P.L.A.531-P-2024,0.9987
C.A._1125_2014,judgement_C.P.L.A.5796-2021,0.9984
C.A._1125_2014,judgement_C.P.L.A.548-P-2013,0.9984
C.A._1125_2014,judgement_C.P.L.A.5646-2021,0.9985
C.A._1125_2014,judgement_C.P.L.A.5929-2024,0.9986
C.A._1125_2014,judgement_C.P.L.A.590-2021,0.9983
C.A._1125_2014,judgement_C.P.L.A.5516-2024,0.9985
C.A._1125_2014,judgement_C.P.L.A.51-2015,0.9984
C.A._1125_2014,judgement_C.P.L.A.609-2017,0.9983
C.A._1125_2014,judgement_C.P.L.A.639-2019,0.9983
C.A._1125_2014,judgement_C.P.L.A.593-2020,0.9986
C.A._1125_2014,judgement_C.P.L.A.664-K-2017,0.9988
C.A._1125_2014,judgement_C.P.L.A.6059-2021,0.9984
C.A._1125_2014,judgement_C.P.L.A.689-L-2015,0.9985
C.A._1125_2014,judgement_C.P.L.A.686-K-2019,0.9984
C.A._1125_2014,judgement_C.P.L.A.70-2014,0.9985
C.A._1125_2014,judgement_C.P.L.A.687-2022,0.9988
C.A._1125_2014,judgement_C.P.L.A.706-2021,0.9983
C.A._1125_2014,judgement_C.P.L.A.701-2016,0.9984
C.A._1125_2014,judgement_C.P.L.A.722-P-2021,0.9984
C.A._1125_2014,judgement_C.P.L.A.529-2015,0.9985
C.A._1125_2014,judgement_C.P.L.A.715-2018,0.9984
C.A._1125_2014,judgement_C.P.L.A.74-2025,0.9981
C.A._1125_2014,judgement_C.P.L.A.720-2020,0.9985
C.A._1125_2014,judgement_C.P.L.A.78-Q-2016,0.9982
C.A._1125_2014,judgement_C.P.L.A.788-2006,0.9985
C.A._1125_2014,judgement_C.P.L.A.781-2016,0.9979
C.A._1125_2014,judgement_C.P.L.A.800-P-2019,0.9984
C.A._1125_2014,judgement_C.P.L.A.80-Q-2010,0.9985
C.A._1125_2014,judgement_C.P.L.A.805-L-2019,0.9983
C.A._1125_2014,judgement_C.P.L.A.76-2007,0.9983
C.A._1125_2014,judgement_C.P.L.A.826-2016,0.9982
C.A._1125_2014,judgement_C.P.L.A.820-2019,0.9983
C.A._1125_2014,judgement_C.P.L.A.84-2016,0.9985
C.A._1125_2014,judgement_C.P.L.A.84-P-2015,0.9981
C.A._1125_2014,judgement_C.P.L.A.853-2014,0.991
C.A._1125_2014,judgement_C.P.L.A.873-2021,0.9987
C.A._1125_2014,judgement_C.P.L.A.890-K-2023,0.9982
C.A._1125_2014,judgement_C.P.L.A.784-2014,0.9987
C.A._1125_2014,judgement_C.P.L.A.95-2023,0.9981
C.A._1125_2014,judgement_C.P.L.A.78-K-2024,0.9984
C.A._1125_2014,judgement_C.P.L.A.944-L-2014,0.9985
C.A._1125_2014,judgement_C.P.L.A.921-L-2017,0.9985
C.A._1125_2014,judgement_C.R.P.1-2014,0.9969
C.A._1125_2014,judgement_C.P.L.A.989-2015,0.9985
C.A._1125_2014,judgement_C.R.P.125-2017,0.9953
C.A._1125_2014,judgement_C.P.L.A.993-2014,0.9984
C.A._1125_2014,judgement_C.R.P.14-2024,0.9985
C.A._1125_2014,judgement_C.P.L.A.852-2020,0.9985
C.A._1125_2014,judgement_C.R.P.197-2022,0.9987
C.A._1125_2014,judgement_C.R.P.100-2016,0.9975
C.A._1125_2014,judgement_C.R.P.229-2006,0.9983
C.A._1125_2014,judgement_C.R.P.247-2015,0.9984
C.A._1125_2014,judgement_C.R.P.167-2012,0.9985
C.A._1125_2014,judgement_C.R.P.268-2015,0.9982
C.A._1125_2014,judgement_C.R.P.247-2011,0.9984
C.A._1125_2014,judgement_C.R.P.297-2017,0.998
C.A._1125_2014,judgement_C.R.P.310-2018,0.9983
C.A._1125_2014,judgement_C.R.P.315-2013,0.9987
C.A._1125_2014,judgement_C.R.P.309-2013,0.9972
C.A._1125_2014,judgement_C.R.P.360-2024,0.9985
C.A._1125_2014,judgement_C.R.P.296-2020,0.9986
C.A._1125_2014,judgement_C.R.P.383-2005,0.9985
C.A._1125_2014,judgement_C.R.P.420-2016,0.9983
C.A._1125_2014,judgement_C.R.P.328-2013,0.9984
C.A._1125_2014,judgement_C.R.P.446-2022,0.9958
C.A._1125_2014,judgement_C.R.P.43-K-2012,0.9986
C.A._1125_2014,judgement_C.R.P.421-2020,0.9988
C.A._1125_2014,judgement_C.R.P.70-2018,0.9972
C.A._1125_2014,judgement_C.R.P.835-2018,0.9985
C.A._1125_2014,judgement_C.R.P.87-2015,0.9985
C.A._1125_2014,judgement_C.Sh.A.1-2013,0.9986
C.A._1125_2014,judgement_C.U.O.18-2024,0.9982
C.A._1125_2014,judgement_C.R.P.125-2014,0.9986
C.A._1125_2014,judgement_C.R.P.193-2013,0.9986
C.A._1125_2014,judgement_Crl.A.103-2019,0.9983
C.A._1125_2014,judgement_C.R.P.45-2009,0.9974
C.A._1125_2014,judgement_Crl.A.106-2020,0.9984
C.A._1125_2014,judgement_Crl.A.108-2020,0.9986
C.A._1125_2014,judgement_Crl.A.11-P-2014,0.9984
C.A._1125_2014,judgement_C.P.L.A.842-2016,0.9983
C.A._1125_2014,judgement_Complaint.586-2023-SJC,0.9987
C.A._1125_2014,judgement_Crl.A.128-2020,0.9985
C.A._1125_2014,judgement_Crl.A.122-L-2012,0.9988
C.A._1125_2014,judgement_Crl.A.12-P-2011,0.9985
C.A._1125_2014,judgement_Crl.A.15-Q-2020,0.9984
C.A._1125_2014,judgement_C.R.P.49-2016,0.9987
C.A._1125_2014,judgement_Crl.A.155-2018,0.9982
C.A._1125_2014,judgement_Crl.A.160-2010,0.9976
C.A._1125_2014,judgement_Crl.A.139-2022,0.9985
C.A._1125_2014,judgement_Crl.A.163-2013,0.9984
C.A._1125_2014,judgement_Crl.A.181-2012,0.9983
C.A._1125_2014,judgement_Crl.A.178-L-2009,0.9985
C.A._1125_2014,judgement_Crl.A.190-2016,0.993
C.A._1125_2014,judgement_Crl.A.22-P-2014,0.9987
C.A._1125_2014,judgement_Crl.A.201-2018,0.9984
C.A._1125_2014,judgement_Const.P.3-2014,0.9985
C.A._1125_2014,judgement_Crl.A.208-2022,0.9985
C.A._1125_2014,judgement_Crl.A.266-2019,0.9984
C.A._1125_2014,judgement_Crl.A.282-2019,0.9983
C.A._1125_2014,judgement_Crl.A.137-L-2010,0.9983
C.A._1125_2014,judgement_Crl.A.239-2020,0.9986
C.A._1125_2014,judgement_Crl.A.3-Q-2021,0.9987
C.A._1125_2014,judgement_Crl.A.301-L-2017,0.9985
C.A._1125_2014,judgement_Crl.A.297-2020,0.9984
C.A._1125_2014,judgement_CRL.A.310-2006,0.9986
C.A._1125_2014,judgement_Crl.A.324-2021,0.9983
C.A._1125_2014,judgement_Crl.A.315-2012,0.9984
C.A._1125_2014,judgement_Crl.A.24-2010,0.9985
C.A._1125_2014,judgement_Crl.A.386-2018,0.9981
C.A._1125_2014,judgement_Crl.A.343-2023,0.9985
C.A._1125_2014,judgement_Crl.A.351-2023,0.9985
C.A._1125_2014,judgement_Crl.A.39-K-2022,0.9981
C.A._1125_2014,judgement_Crl.A.416-2020,0.9983
C.A._1125_2014,judgement_Crl.A.35-K-2016,0.9986
C.A._1125_2014,judgement_Crl.A.402-2013,0.9981
C.A._1125_2014,judgement_Crl.A.436-2017,0.9985
C.A._1125_2014,judgement_Crl.A.446-2020,0.9985
C.A._1125_2014,judgement_Crl.A.506-2020,0.9985
C.A._1125_2014,judgement_Crl.A.479-2015,0.9912
C.A._1125_2014,judgement_CRL.A.413-2013,0.9986
C.A._1125_2014,judgement_Crl.A.541-2020,0.9985
C.A._1125_2014,judgement_Crl.A.48-2021,0.9983
C.A._1125_2014,judgement_Crl.A.547-2017,0.9983
C.A._1125_2014,judgement_Crl.A.585-2020,0.9985
C.A._1125_2014,judgement_Crl.A.496-2009,0.9985
C.A._1125_2014,judgement_Crl.A.6-P-2015,0.9982
C.A._1125_2014,judgement_Crl.A.528-2019,0.9985
C.A._1125_2014,judgement_Crl.A.560-2020,0.9986
C.A._1125_2014,judgement_Crl.A.785-2020,0.9985
C.A._1125_2014,judgement_Crl.A.7-P-2017,0.9986
C.A._1125_2014,judgement_Crl.A.97-2017,0.9971
C.A._1125_2014,judgement_Crl.A.82-2022,0.9983
C.A._1125_2014,judgement_CRL.A.652-2009,0.9986
C.A._1125_2014,judgement_Crl.M.A.1591-2020,0.9962
C.A._1125_2014,judgement_Crl.M.A.1113-2024,0.9973
C.A._1125_2014,judgement_Crl.M.A.459-2020,0.9988
C.A._1125_2014,judgement_Crl.M.A.183-2019,0.9986
C.A._1125_2014,judgement_Crl.M.A.512-2019,0.9982
C.A._1125_2014,judgement_Crl.O.P.19-2024,0.9985
C.A._1125_2014,judgement_CRL.A.163-2005,0.9983
C.A._1125_2014,judgement_Crl.O.P.40-2023,0.998
C.A._1125_2014,judgement_Crl.O.P.36-2017,0.9972
C.A._1125_2014,judgement_Crl.M.A.62-P-2018,0.9986
C.A._1125_2014,judgement_Crl.O.P.47-2016,0.9986
C.A._1125_2014,judgement_Crl.O.P.6-2024,0.9988
C.A._1125_2014,judgement_Crl.O.P.57-2015,0.9984
C.A._1125_2014,judgement_CRL.O.P.70-2012,0.9984
C.A._1125_2014,judgement_Crl.M.A.200-2019,0.9985
C.A._1125_2014,judgement_Crl.P.L.A.100-K-2020,0.9982
C.A._1125_2014,judgement_Crl.P.L.A.1001-2016,0.9985
C.A._1125_2014,judgement_Crl.O.P.59-2015,0.9983
C.A._1125_2014,judgement_Crl.P.L.A.1033-2025,0.9985
C.A._1125_2014,judgement_Crl.P.L.A.104-P-2023,0.9983
C.A._1125_2014,judgement_CRL.O.P.92-2013,0.9984
C.A._1125_2014,judgement_Crl.P.L.A.1054-L-2023,0.9984
C.A._1125_2014,judgement_Crl.P.L.A.1055-2025,0.9984
C.A._1125_2014,judgement_Crl.P.L.A.105-K-2020,0.9983
C.A._1125_2014,judgement_Crl.P.L.A.1088-2021,0.9981
C.A._1125_2014,judgement_Crl.P.L.A.1117-L-2021,0.998
C.A._1125_2014,judgement_Crl.P.L.A.114-2018,0.9983
C.A._1125_2014,judgement_Crl.P.L.A.1099-2016,0.9984
C.A._1125_2014,judgement_Crl.P.L.A.1121-2021,0.9984
C.A._1125_2014,judgement_Crl.P.L.A.1144-2025,0.9985
C.A._1125_2014,judgement_Crl.P.L.A.1146-2021,0.9982
C.A._1125_2014,judgement_Crl.P.L.A.12-2014,0.9985
C.A._1125_2014,judgement_Crl.P.L.A.1184-2025,0.9984
C.A._1125_2014,judgement_Crl.P.L.A.120-2016,0.9895
C.A._1125_2014,judgement_Crl.P.L.A.1225-2021,0.9979
C.A._1125_2014,judgement_Crl.P.L.A.1212-L-2022,0.9982
C.A._1125_2014,judgement_Crl.A.95-2019,0.9985
C.A._1125_2014,judgement_Crl.P.L.A.1268-L-2021,0.9979
C.A._1125_2014,judgement_Crl.P.L.A.1269-2020,0.9984
C.A._1125_2014,judgement_Crl.P.L.A.1271-2019,0.9985
C.A._1125_2014,judgement_Crl.P.L.A.1290-2021,0.9984
C.A._1125_2014,judgement_Crl.P.L.A.1251-2022,0.9985
C.A._1125_2014,judgement_Crl.P.L.A.1303-2021,0.9977
C.A._1125_2014,judgement_Crl.P.L.A.1319-L-2021,0.9981
C.A._1125_2014,judgement_Crl.P.L.A.1316-2016,0.998
C.A._1125_2014,judgement_Crl.P.L.A.138-Q-2020,0.998
C.A._1125_2014,judgement_Crl.P.L.A.1313-L-2021,0.9985
C.A._1125_2014,judgement_Crl.P.L.A.1392-2022,0.9983
C.A._1125_2014,judgement_Crl.P.L.A.1408-2025,0.9983
C.A._1125_2014,judgement_Crl.P.L.A.143-K-2020,0.9975
C.A._1125_2014,judgement_Crl.P.L.A.143-K-2021,0.9983
C.A._1125_2014,judgement_Crl.P.L.A.146-K-2021,0.9981
C.A._1125_2014,judgement_Crl.P.L.A.1359-2023,0.9987
C.A._1125_2014,judgement_Crl.P.L.A.149-L-2022,0.9986
C.A._1125_2014,judgement_Crl.P.L.A.15-2015,0.9988
C.A._1125_2014,judgement_Crl.P.L.A.150-L-2023,0.9984
C.A._1125_2014,judgement_Crl.P.L.A.1549-2021,0.9978
C.A._1125_2014,judgement_Crl.P.L.A.1557-2022,0.9985
C.A._1125_2014,judgement_Crl.P.L.A.1581-2021,0.9984
C.A._1125_2014,judgement_Crl.P.L.A.147-K-2025,0.9987
C.A._1125_2014,judgement_Crl.P.L.A.1596-2021,0.9983
C.A._1125_2014,judgement_Crl.P.L.A.1612-2021,0.998
C.A._1125_2014,judgement_Crl.P.L.A.1619-2022,0.9984
C.A._1125_2014,judgement_Crl.P.L.A.167-P-2021,0.9978
C.A._1125_2014,judgement_Crl.P.L.A.1617-2022,0.9981
C.A._1125_2014,judgement_Crl.A.599-2020,0.9986
C.A._1125_2014,judgement_Crl.P.L.A.17-L-2018,0.9978
C.A._1125_2014,judgement_Crl.P.L.A.170-2013,0.9984
C.A._1125_2014,judgement_Crl.P.L.A.1565-2024,0.9986
C.A._1125_2014,judgement_Crl.P.L.A.1720-2022,0.9983
C.A._1125_2014,judgement_Crl.P.L.A.188-P-2023,0.9986
C.A._1125_2014,judgement_Crl.P.L.A.183-P-2022,0.9983
C.A._1125_2014,judgement_Crl.P.L.A.1710-L-2017,0.9985
C.A._1125_2014,judgement_Crl.P.L.A.198-2016,0.9979
C.A._1125_2014,judgement_Crl.P.L.A.213-2013,0.9985
C.A._1125_2014,judgement_Crl.P.L.A.224-2017,0.9986
C.A._1125_2014,judgement_Crl.P.L.A.209-2018,0.9986
C.A._1125_2014,judgement_Crl.P.L.A.170-L-2025,0.9986
C.A._1125_2014,judgement_Crl.P.L.A.230-2016,0.9903
C.A._1125_2014,judgement_Crl.P.L.A.219-P-2023,0.9984
C.A._1125_2014,judgement_Crl.P.L.A.245-2023,0.9983
C.A._1125_2014,judgement_Crl.P.L.A.280-2021,0.9985
C.A._1125_2014,judgement_Crl.P.L.A.275-2021,0.9985
C.A._1125_2014,judgement_Crl.P.L.A.294-L-2023,0.9984
C.A._1125_2014,judgement_Crl.P.L.A.263-2023,0.9984
C.A._1125_2014,judgement_Crl.P.L.A.317-L-2023,0.9982
C.A._1125_2014,judgement_Crl.P.L.A.328-2023,0.9983
C.A._1125_2014,judgement_Crl.P.L.A.33-2021,0.998
C.A._1125_2014,judgement_Crl.P.L.A.352-L-2022,0.9984
C.A._1125_2014,judgement_Crl.P.L.A.342-2018,0.9988
C.A._1125_2014,judgement_Crl.P.L.A.382-2016,0.9921
C.A._1125_2014,judgement_Crl.P.L.A.35-Q-2017,0.9983
C.A._1125_2014,judgement_Crl.P.L.A.390-L-2021,0.9984
C.A._1125_2014,judgement_Crl.P.L.A.41-K-2023,0.9982
C.A._1125_2014,judgement_Crl.P.L.A.406-2017,0.9985
C.A._1125_2014,judgement_Crl.P.L.A.39-K-2025,0.9985
C.A._1125_2014,judgement_Crl.P.L.A.46-P-2016,0.9983
C.A._1125_2014,judgement_Crl.P.L.A.488-2015,0.9982
C.A._1125_2014,judgement_Crl.P.L.A.475-2022,0.9983
C.A._1125_2014,judgement_Crl.P.L.A.513-2021,0.9986
C.A._1125_2014,judgement_Crl.P.L.A.476-L-2018,0.9982
C.A._1125_2014,judgement_Crl.P.L.A.519-2023,0.998
C.A._1125_2014,judgement_Crl.P.L.A.527-2017,0.9985
C.A._1125_2014,judgement_Crl.P.L.A.562-2019,0.9975
C.A._1125_2014,judgement_Crl.P.L.A.490-2019,0.9985
C.A._1125_2014,judgement_Crl.P.L.A.55-2005,0.9987
C.A._1125_2014,judgement_Crl.P.L.A.585-2025,0.9985
C.A._1125_2014,judgement_Crl.P.L.A.604-2015,0.9987
C.A._1125_2014,judgement_Crl.P.L.A.596-L-2022,0.9985
C.A._1125_2014,judgement_Crl.P.L.A.611-L-2023,0.9983
C.A._1125_2014,judgement_Crl.P.L.A.62-L-2023,0.9982
C.A._1125_2014,judgement_Crl.P.L.A.58-K-2023,0.9986
C.A._1125_2014,judgement_Crl.P.L.A.687-2020,0.9985
C.A._1125_2014,judgement_Crl.P.L.A.623-2016,0.9901
C.A._1125_2014,judgement_Crl.P.L.A.692-2020,0.9982
C.A._1125_2014,judgement_Crl.P.L.A.630-2017,0.9945
C.A._1125_2014,judgement_Crl.P.L.A.701-2023,0.9984
C.A._1125_2014,judgement_Crl.P.L.A.426-2009,0.9984
C.A._1125_2014,judgement_Crl.P.L.A.714-2023,0.9982
C.A._1125_2014,judgement_Crl.P.L.A.634-2015,0.9983
C.A._1125_2014,judgement_Crl.P.L.A.717-2023,0.9983
C.A._1125_2014,judgement_Crl.P.L.A.73-P-2021,0.9981
C.A._1125_2014,judgement_Crl.P.L.A.724-2016,0.9917
C.A._1125_2014,judgement_Crl.P.L.A.748-2016,0.9926
C.A._1125_2014,judgement_Crl.P.L.A.762-2018,0.9985
C.A._1125_2014,judgement_Crl.P.L.A.789-2023,0.9983
C.A._1125_2014,judgement_Crl.P.L.A.733-L-2018,0.9986
C.A._1125_2014,judgement_Crl.P.L.A.888-2015,0.9981
C.A._1125_2014,judgement_Crl.P.L.A.848-L-2002,0.9985
C.A._1125_2014,judgement_Crl.P.L.A.751-2017,0.9984
C.A._1125_2014,judgement_Crl.P.L.A.868-2025,0.9986
C.A._1125_2014,judgement_Crl.P.L.A.893-2020,0.9988
C.A._1125_2014,judgement_Crl.P.L.A.9-P-2016,0.9852
C.A._1125_2014,judgement_Crl.P.L.A.90-K-2023,0.9982
C.A._1125_2014,judgement_Crl.P.L.A.92-K-2021,0.9984
C.A._1125_2014,judgement_Crl.P.L.A.921-2023,0.9984
C.A._1125_2014,judgement_Crl.P.L.A.989-2021,0.9983
C.A._1125_2014,judgement_Crl.P.L.A.927-2016,0.994
C.A._1125_2014,judgement_Crl.R.P.2-2024,0.9984
C.A._1125_2014,judgement_Crl.Sh.A.2-2018,0.9984
C.A._1125_2014,judgement_Crl.R.P.207-2016,0.9963
C.A._1125_2014,judgement_H.R.C.1037-P-2018,0.9979
C.A._1125_2014,judgement_H.R.C.14158-G-2016,0.9973
C.A._1125_2014,judgement_H.R.C.12726-B-2020,0.9985
C.A._1125_2014,judgement_H.R.C.14392-2013,0.9984
C.A._1125_2014,judgement_H.R.C.12271-S-2010,0.9987
C.A._1125_2014,judgement_H.R.C.17842-2018,0.9978
C.A._1125_2014,judgement_CRL.SH.A.7-2011,0.9986
C.A._1125_2014,judgement_H.R.C.20171-B-2018,0.9987
C.A._1125_2014,judgement_H.R.C.318-1993,0.9976
C.A._1125_2014,judgement_H.R.C.20883-2018,0.9984
C.A._1125_2014,judgement_H.R.C.3677-E-2014,0.9979
C.A._1125_2014,judgement_H.R.C.4925-G-2014,0.9983
C.A._1125_2014,judgement_Crl.P.L.A.966-2018,0.9984
C.A._1125_2014,judgement_H.R.C.29388-K-2013,0.9987
C.A._1125_2014,judgement_H.R.C.57701-P-2010,0.9986
C.A._1125_2014,judgement_I.C.A.2-2023,0.9982
C.A._1125_2014,judgement_I.C.A.3-2011,0.9984
C.A._1125_2014,judgement_I.C.A.1-2012,0.9932
C.A._1125_2014,judgement_I.C.A.5-2023,0.9974
C.A._1125_2014,judgement_J.P.14-2016,0.9986
C.A._1125_2014,judgement_H.R.C.69229-P-2018,0.9984
C.A._1125_2014,judgement_J.P.148-2022,0.9982
C.A._1125_2014,judgement_I.C.A.7-2018,0.9983
C.A._1125_2014,judgement_J.P.169-2021,0.9984
C.A._1125_2014,judgement_J.P.201-2015,0.9984
C.A._1125_2014,judgement_J.P.255-2017,0.9988
C.A._1125_2014,judgement_J.P.206-2019,0.9984
C.A._1125_2014,judgement_J.P.217-2017,0.9985
C.A._1125_2014,judgement_CRL.O.P.89-2011,0.9986
C.A._1125_2014,judgement_J.P.276-2019,0.9985
C.A._1125_2014,judgement_J.P.255-2018,0.9984
C.A._1125_2014,judgement_J.P.286-2020,0.9982
C.A._1125_2014,judgement_J.P.417-2019,0.998
C.A._1125_2014,judgement_H.R.C.8340-2009,0.9983
C.A._1125_2014,judgement_J.P.375-2019,0.9982
C.A._1125_2014,judgement_J.P.375-2023,0.9985
C.A._1125_2014,judgement_J.P.541-2021,0.9985
C.A._1125_2014,judgement_J.P.553-2017,0.9984
C.A._1125_2014,judgement_J.P.405-2021,0.9983
C.A._1125_2014,judgement_J.P.441-2019,0.9983
C.A._1125_2014,judgement_J.P.559-2017,0.9984
C.A._1125_2014,judgement_J.P.554-2023,0.9984
C.A._1125_2014,judgement_J.P.587-2016,0.9983
C.A._1125_2014,judgement_J.P.684-2016,0.9985
C.A._1125_2014,judgement_J.P.83-2021,0.9983
C.A._1125_2014,judgement_J.P.614-2021,0.9986
C.A._1125_2014,judgement_J.P.611-2022,0.9984
C.A._1125_2014,judgement_H.R.C.4668-2006,0.9986
C.A._1125_2014,judgement_J.P.883-2017,0.9983
C.A._1125_2014,judgement_Reference.1-2020,0.9982
C.A._1125_2014,judgement_Reference.1-2022,0.9986
C.A._1125_2014,judgement_R.P.46-2011,0.9986
C.A._1125_2014,judgement_J.P.56-2005,0.9986
C.A._1125_2014,judgement_S.M.C.01-2010,0.9982
C.A._1125_2014,judgement_S.M.C.1-2012,0.997
C.A._1125_2014,judgement_Report128-K-2021,0.9984
C.A._1125_2014,judgement_S.M.C.1-2020,0.9986
C.A._1125_2014,judgement_Reference.1-2011,0.9985
C.A._1125_2014,judgement_S.M.C.1-2023,0.9982
C.A._1125_2014,judgement_S.M.C.1-2022,0.9982
C.A._1125_2014,judgement_S.M.C.10-2018,0.9986
C.A._1125_2014,judgement_S.M.C.11-2005,0.9987
C.A._1125_2014,judgement_Reference.2-2022,0.9985
C.A._1125_2014,judgement_S.M.C.15-2015,0.9984
C.A._1125_2014,judgement_S.M.C.16-2011,0.9982
C.A._1125_2014,judgement_S.M.C.17-2016,0.9985
C.A._1125_2014,judgement_S.M.C.13-2016,0.9986
C.A._1125_2014,judgement_S.M.C.18-2010,0.9985
C.A._1125_2014,judgement_S.M.C.18-2011,0.9984
C.A._1125_2014,judgement_S.M.C.1-2014,0.9981
C.A._1125_2014,judgement_S.M.C.18-2016,0.9983
C.A._1125_2014,judgement_S.M.C.24-2010,0.9981
C.A._1125_2014,judgement_S.M.C.3-2022,0.998
C.A._1125_2014,judgement_S.M.C.3-2014,0.9986
C.A._1125_2014,judgement_S.M.C.4-2021,0.9983
C.A._1125_2014,judgement_S.M.C.4-2022,0.9985
C.A._1125_2014,judgement_S.M.C.5-2012,0.9926
C.A._1125_2014,judgement_S.M.C.5-2010,0.9988
C.A._1125_2014,judgement_Reference.2-2005,0.9987
C.A._1125_2014,judgement_S.M.C.5-2021,0.9985
C.A._1125_2014,judgement_S.M.C.6-2014,0.998
C.A._1125_2014,judgement_S.M.C.5-2018,0.9984
C.A._1125_2014,judgement_Supreme Judicial Council No. 242 of 2015,0.9984
C.A._1125_2014,judgement_S.M.C.11-2011,0.9986
C.A._1125_2014,judgement_REFERENCE.1-2012,0.9986
C.A._1125_2014,judgement_S.M.C.25-2009,0.9984
