{
  "Judgments": [
    {
      "SrNo": 1,
      "CaseSubject": "Family / Guardian & Wards/Recovery of Dower Amount",
      "CaseNo": "C.P.L.A.2555/2022",
      "CaseTitle": "Mst. Wajiha Rasheed v. Adeel Akhter and others",
      "AuthorJudge": "Mr. Justice Miangul Hassan Aurangzeb",
      "UploadDate": "2025-09-11",
      "JudgmentDate": "2025-09-09",
      "Citations": "N/A",
      "SCCitations": "N/A",
      "Download": "judgments/judgment_CPLA2555_2022.pdf",
      "FileSize": "27 KB",
      "Tagline": "N/A"
    },
    {
      "SrNo": 2,
      "CaseSubject": "Bail Before Arrest",
      "CaseNo": "Crl.P.L.A.585/2025",
      "CaseTitle": "Muhammad Irshad etc v. The State through P.G. Punjab and others",
      "AuthorJudge": "Mr. Justice Malik Shahzad Ahmad Khan",
      "UploadDate": "2025-09-11",
      "JudgmentDate": "2025-09-02",
      "Citations": "N/A",
      "SCCitations": "N/A",
      "Download": "judgments/judgment_CrlPLA585_2025.pdf",
      "FileSize": "776 KB",
      "Tagline": "N/A"
    },
    {
      "SrNo": 3,
      "CaseSubject": "Life Imprisonment/Sessions",
      "CaseNo": "J.P.554/2023",
      "CaseTitle": "Umer Jan v. The State",
      "AuthorJudge": "Mr. Justice Ishtiaq Ibrahim",
      "UploadDate": "2025-09-11",
      "JudgmentDate": "2025-08-19",
      "Citations": "N/A",
      "SCCitations": "N/A",
      "Download": "judgments/judgment_JP554_2023.pdf",
      "FileSize": "1206 KB",
      "Tagline": "N/A"
    },
    {
      "SrNo": 4,
      "CaseSubject": "Bail After Arrest/Sessions",
      "CaseNo": "Crl.P.L.A.1408/2025",
      "CaseTitle": "Waqas Javed v. The State thr Federal Prosecutor Islamabad and another",
      "AuthorJudge": "Mr. Justice Malik Shahzad Ahmad Khan",
      "UploadDate": "2025-09-11",
      "JudgmentDate": "2025-09-02",
      "Citations": "N/A",
      "SCCitations": "N/A",
      "Download": "judgments/judgment_CrlPLA1408_2025.pdf",
      "FileSize": "163 KB",
      "Tagline": "N/A"
    },
    {
      "SrNo": 5,
      "CaseSubject": "Family / Guardian & Wards/Maintenance Allowance",
      "CaseNo": "C.P.L.A.1107-L/2015",
      "CaseTitle": "Ambreen Akram v. Asad Ullah Khan, etc",
      "AuthorJudge": "Mr. Justice Syed Mansoor Ali Shah",
      "UploadDate": "2025-09-11",
      "JudgmentDate": "2025-09-11",
      "Citations": "N/A",
      "SCCitations": "N/A",
      "Download": "judgments/judgment_CPLA1107L_2015.pdf",
      "FileSize": "251 KB",
      "Tagline": [
        "When does a Muslim woman become entitled to maintenance within a marriage?",
        "Under what circumstances, if any, may a husband be excused from his marital obligation?",
        "Judges in family law must act as reformers and adopt gender-sensitive language.",
        "The institution of amicus ensures informed and inclusive adjudication."
      ]
    }
  ]
}
